,,,ï»¿timeOpen,timeClose,timeHigh,timeLow,name,open,high,low,close,volume,marketCap,circulatingSupply,timestamp
,,,2025-11-11T00:00:00.000Z,2025-11-11T23:59:59.999Z,2025-11-11T01:23:00.000Z,2025-11-11T21:53:00.000Z,2781,105996.8575,107428.2598,102457.3299,102997.471,71130078574,2054823782941,19947531,2025-11-11T23:59:59.999Z
,,,2025-11-10T00:00:00.000Z,2025-11-10T23:59:59.999Z,2025-11-10T01:14:00.000Z,2025-11-10T00:07:00.000Z,2781,104723.7707,106564.6973,104350.6459,105996.5971,69585887229,2114307338735,19946887,2025-11-10T23:59:59.999Z
,,,2025-11-09T00:00:00.000Z,2025-11-09T23:59:59.999Z,2025-11-09T23:03:00.000Z,2025-11-09T03:31:00.000Z,2781,102278.9809,105418.3686,101468.8753,104719.6389,59679243013,2088873006729,19946503,2025-11-09T23:59:59.999Z
,,,2025-11-08T00:00:00.000Z,2025-11-08T23:59:59.999Z,2025-11-08T00:00:00.000Z,2025-11-08T14:20:00.000Z,2781,103371.7013,103373.5593,101458.04,102282.114,51446691095,2040075678640,19946187,2025-11-08T23:59:59.999Z
,,,2025-11-07T00:00:00.000Z,2025-11-07T23:59:59.999Z,2025-11-07T22:09:00.000Z,2025-11-07T12:56:00.000Z,2781,101286.2435,104052.9168,99257.05733,103372.4067,92168030081,2061830246983,19945790,2025-11-07T23:59:59.999Z
,,,2025-11-06T00:00:00.000Z,2025-11-06T23:59:59.999Z,2025-11-06T04:47:00.000Z,2025-11-06T16:45:00.000Z,2781,103893.6663,104147.304,100336.8665,101301.2905,63932752861,2020190184567,19945356,2025-11-06T23:59:59.999Z
2025-11-05T00:00:00.000Z,2025-11-05T23:59:59.999Z,2025-11-05T20:16:00.000Z,2025-11-05T01:40:00.000Z,2781,101579.2367,104534.7011,98989.91588,103891.8355,77584934804,2072068578561,19944128,2025-11-05T23:59:59.999Z,,,
2025-11-04T00:00:00.000Z,2025-11-04T23:59:59.999Z,2025-11-04T04:06:00.000Z,2025-11-04T21:37:00.000Z,2781,106541.422,107264.8828,98962.0641,101590.5223,110967184773,2025909299235,19944128,2025-11-04T23:59:59.999Z,,,
2025-11-03T00:00:00.000Z,2025-11-03T23:59:59.999Z,2025-11-03T00:11:00.000Z,2025-11-03T16:09:00.000Z,2781,110646.9053,110764.9165,105336.3572,106547.5196,72852006359,2124870430622,19944078,2025-11-03T23:59:59.999Z,,,
2025-11-02T00:00:00.000Z,2025-11-02T23:59:59.999Z,2025-11-02T12:06:00.000Z,2025-11-02T22:36:00.000Z,2781,110064.4316,111167.3134,109523.4562,110639.6263,34284209459,2206703485501,19943653,2025-11-02T23:59:59.999Z,,,
2025-11-01T00:00:00.000Z,2025-11-01T23:59:59.999Z,2025-11-01T20:34:00.000Z,2025-11-01T00:10:00.000Z,2781,109558.6275,110574.9014,109372.9547,110064.0174,25871668762,2195031469846,19943150,2025-11-01T23:59:59.999Z,,,
2025-10-31T00:00:00.000Z,2025-10-31T23:59:59.999Z,2025-10-31T15:11:00.000Z,2025-10-31T00:01:00.000Z,2781,108304.4146,111031.8219,108288.2713,109556.1609,60090359560,2184893745051,19942690,2025-10-31T23:59:59.999Z,,,
2025-10-30T00:00:00.000Z,2025-10-30T23:59:59.999Z,2025-10-30T07:20:00.000Z,2025-10-30T20:00:00.000Z,2781,110059.1968,111612.3482,106376.6888,108305.5488,69673964814,2159806960808,19942003,2025-10-30T23:59:59.999Z,,,
2025-10-29T00:00:00.000Z,2025-10-29T23:59:59.999Z,2025-10-29T13:28:00.000Z,2025-10-29T18:41:00.000Z,2781,112921.3275,113642.7241,109368.7201,110055.3029,62192043469,2194776069999,19941778,2025-10-29T23:59:59.999Z,,,
2025-10-28T00:00:00.000Z,2025-10-28T23:59:59.999Z,2025-10-28T14:22:00.000Z,2025-10-28T21:09:00.000Z,2781,114129.0891,116078.9852,112291.6815,112956.1664,64528066504,2251805068453,19941362,2025-10-28T23:59:59.999Z,,,
2025-10-27T00:00:00.000Z,2025-10-27T23:59:59.999Z,2025-10-27T07:07:00.000Z,2025-10-27T23:17:00.000Z,2781,114479.8489,116273.3143,113882.2921,114119.3248,61761358733,2275835954529,19940893,2025-10-27T23:59:59.999Z,,,
2025-10-26T00:00:00.000Z,2025-10-26T23:59:59.999Z,2025-10-26T22:05:00.000Z,2025-10-26T04:02:00.000Z,2781,111639.0527,115260.9051,111268.4876,114472.4434,41708524143,2282777872259,19940434,2025-10-26T23:59:59.999Z,,,
2025-10-25T00:00:00.000Z,2025-10-25T23:59:59.999Z,2025-10-25T12:59:00.000Z,2025-10-25T00:55:00.000Z,2781,111032.6149,111947.7047,110704.4078,111641.73,24707667305,2226078132793,19939959,2025-10-25T23:59:59.999Z,,,
2025-10-24T00:00:00.000Z,2025-10-24T23:59:59.999Z,2025-10-24T12:32:00.000Z,2025-10-24T14:28:00.000Z,2781,110069.3546,111842.528,109770.1516,111033.9231,48160816980,2213928828746,19939446,2025-10-24T23:59:59.999Z,,,
2025-10-23T00:00:00.000Z,2025-10-23T23:59:59.999Z,2025-10-23T18:03:00.000Z,2025-10-23T00:05:00.000Z,2781,107679.4388,111288.5948,107548.4292,110069.7229,54944076060,2194660092835,19938884,2025-10-23T23:59:59.999Z,,,
2025-10-22T00:00:00.000Z,2025-10-22T23:59:59.999Z,2025-10-22T15:08:00.000Z,2025-10-22T21:31:00.000Z,2781,108491.5277,109115.1366,106777.9966,107688.5881,80807013218,2146962722155,19938465,2025-10-22T23:59:59.999Z,,,
2025-10-21T00:00:00.000Z,2025-10-21T23:59:59.999Z,2025-10-21T16:37:00.000Z,2025-10-21T08:48:00.000Z,2781,110587.6299,113996.3463,107534.7491,108476.887,101194375480,2163102017753,19937981,2025-10-21T23:59:59.999Z,,,
2025-10-20T00:00:00.000Z,2025-10-20T23:59:59.999Z,2025-10-20T15:53:00.000Z,2025-10-20T00:34:00.000Z,2781,108667.4438,111711.0332,107485.0143,110588.9302,63507793085,2204868785655,19937518,2025-10-20T23:59:59.999Z,,,
2025-10-19T00:00:00.000Z,2025-10-19T23:59:59.999Z,2025-10-19T18:58:00.000Z,2025-10-19T09:30:00.000Z,2781,107204.3141,109488.9925,106157.7906,108666.7115,47657008953,2166469140315,19936690,2025-10-19T23:59:59.999Z,,,
2025-10-18T00:00:00.000Z,2025-10-18T23:59:59.999Z,2025-10-18T07:13:00.000Z,2025-10-18T00:17:00.000Z,2781,106483.7352,107490.9812,106387.4499,107198.2669,37779905278,2137288778463,19936593,2025-10-18T23:59:59.999Z,,,
2025-10-17T00:00:00.000Z,2025-10-17T23:59:59.999Z,2025-10-17T04:03:00.000Z,2025-10-17T10:25:00.000Z,2781,108179.1347,109235.8077,103598.4289,106467.7852,99703051669,2122869968032,19936096,2025-10-17T23:59:59.999Z,,,
2025-10-16T00:00:00.000Z,2025-10-16T23:59:59.999Z,2025-10-16T12:05:00.000Z,2025-10-16T20:36:00.000Z,2781,110782.1719,111990.813,107537.0293,108186.0385,87306423067,2156578744338,19935256,2025-10-16T23:59:59.999Z,,,
2025-10-15T00:00:00.000Z,2025-10-15T23:59:59.999Z,2025-10-15T02:31:00.000Z,2025-10-15T17:17:00.000Z,2781,113113.9721,113622.382,110235.8355,110783.1669,72574132855,2208376792809,19934406,2025-10-15T23:59:59.999Z,,,
2025-10-14T00:00:00.000Z,2025-10-14T23:59:59.999Z,2025-10-14T00:34:00.000Z,2025-10-14T13:39:00.000Z,2781,115264.879,115502.8794,110029.4866,113118.6672,92212917403,2254859843996,19934406,2025-10-14T23:59:59.999Z,,,
2025-10-13T00:00:00.000Z,2025-10-13T23:59:59.999Z,2025-10-13T19:55:00.000Z,2025-10-13T11:31:00.000Z,2781,115161.6758,116020.4865,113821.1902,115271.0751,71582026739,2297709116995,19934165,2025-10-13T23:59:59.999Z,,,
2025-10-12T00:00:00.000Z,2025-10-12T23:59:59.999Z,2025-10-12T22:03:00.000Z,2025-10-12T01:00:00.000Z,2781,110811.5141,115805.0652,109715.5413,115169.7639,93710414091,2295493500275,19932790,2025-10-12T23:59:59.999Z,,,
2025-10-11T00:00:00.000Z,2025-10-11T23:59:59.999Z,2025-10-11T03:02:00.000Z,2025-10-11T21:10:00.000Z,2781,113236.4298,113429.7245,109760.5648,110807.8793,110236934340,2208782640084,19932790,2025-10-11T23:59:59.999Z,,,
2025-10-10T00:00:00.000Z,2025-10-10T23:59:59.999Z,2025-10-10T13:43:00.000Z,2025-10-10T21:21:00.000Z,2781,121704.7402,122509.6617,104582.4113,113214.366,153125018868,2257116276275,19932775,2025-10-10T23:59:59.999Z,,,
2025-10-09T00:00:00.000Z,2025-10-09T23:59:59.999Z,2025-10-09T12:43:00.000Z,2025-10-09T17:01:00.000Z,2781,123337.0678,123739.3466,119812.0346,121705.5823,74653009425,2425798679230,19931834,2025-10-09T23:59:59.999Z,,,
2025-10-08T00:00:00.000Z,2025-10-08T23:59:59.999Z,2025-10-08T17:59:00.000Z,2025-10-08T06:08:00.000Z,2781,121448.3536,124167.0917,121119.1801,123354.8703,65354305286,2458333960630,19931834,2025-10-08T23:59:59.999Z,,,
2025-10-07T00:00:00.000Z,2025-10-07T23:59:59.999Z,2025-10-07T12:58:00.000Z,2025-10-07T18:30:00.000Z,2781,124752.1397,125184.0258,120681.9718,121451.3791,76149412513,2420648589010,19931506,2025-10-07T23:59:59.999Z,,,
2025-10-06T00:00:00.000Z,2025-10-06T23:59:59.999Z,2025-10-06T18:59:00.000Z,2025-10-06T00:56:00.000Z,2781,123510.45,126198.0696,123196.0489,124752.5284,72568881188,2486340085206,19930240,2025-10-06T23:59:59.999Z,,,
2025-10-05T00:00:00.000Z,2025-10-05T23:59:59.999Z,2025-10-05T04:53:00.000Z,2025-10-05T01:24:00.000Z,2781,122419.6707,125559.2087,122191.9581,123513.4737,73689317763,2461341319591,19928203,2025-10-05T23:59:59.999Z,,,
2025-10-04T00:00:00.000Z,2025-10-04T23:59:59.999Z,2025-10-04T05:27:00.000Z,2025-10-04T18:57:00.000Z,2781,122267.4698,122857.6402,121577.5714,122425.4287,36769171735,2439604048667,19928203,2025-10-04T23:59:59.999Z,,,
2025-10-03T00:00:00.000Z,2025-10-03T23:59:59.999Z,2025-10-03T16:38:00.000Z,2025-10-03T08:19:00.000Z,2781,120656.982,123944.705,119344.311,122266.5327,83941392228,2436570957895,19928203,2025-10-03T23:59:59.999Z,,,
2025-10-02T00:00:00.000Z,2025-10-02T23:59:59.999Z,2025-10-02T19:16:00.000Z,2025-10-02T06:03:00.000Z,2781,118652.3859,121086.4072,118383.1582,120681.2597,71415163912,2404476831114,19928203,2025-10-02T23:59:59.999Z,,,
2025-10-01T00:00:00.000Z,2025-10-01T23:59:59.999Z,2025-10-01T23:59:00.000Z,2025-10-01T00:28:00.000Z,2781,114057.5922,118648.9286,113981.396,118648.9286,71328680132,2364528832562,19928203,2025-10-01T23:59:59.999Z,,,
2025-09-30T00:00:00.000Z,2025-09-30T23:59:59.999Z,2025-09-30T01:16:00.000Z,2025-09-30T10:04:00.000Z,2781,114396.5202,114836.6154,112740.5647,114056.0836,58986330258,2272962850720,19928203,2025-09-30T23:59:59.999Z,,,
2025-09-29T00:00:00.000Z,2025-09-29T23:59:59.999Z,2025-09-29T20:45:00.000Z,2025-09-29T07:27:00.000Z,2781,112117.8788,114473.5699,111589.9507,114400.3864,60000147466,2279698774405,19928043,2025-09-29T23:59:59.999Z,,,
2025-09-28T00:00:00.000Z,2025-09-28T23:59:59.999Z,2025-09-28T23:10:00.000Z,2025-09-28T12:50:00.000Z,2781,109681.9473,112375.4821,109236.9477,112122.6392,33371048505,2234220620825,19927425,2025-09-28T23:59:59.999Z,,,
2025-09-27T00:00:00.000Z,2025-09-27T23:59:59.999Z,2025-09-27T04:35:00.000Z,2025-09-27T09:29:00.000Z,2781,109707.141,109778.4989,109144.293,109681.9425,26308042910,2185641706167,19927087,2025-09-27T23:59:59.999Z,,,
2025-09-26T00:00:00.000Z,2025-09-26T23:59:59.999Z,2025-09-26T18:28:00.000Z,2025-09-26T11:20:00.000Z,2781,109041.2945,110359.1941,108728.978,109712.8315,57738288949,2186093717137,19926631,2025-09-26T23:59:59.999Z,,,
2025-09-25T00:00:00.000Z,2025-09-25T23:59:59.999Z,2025-09-25T00:09:00.000Z,2025-09-25T18:02:00.000Z,2781,113330.1657,113541.087,108713.3962,109049.288,75528654284,2172778969611,19926203,2025-09-25T23:59:59.999Z,,,
2025-09-24T00:00:00.000Z,2025-09-24T23:59:59.999Z,2025-09-24T17:43:00.000Z,2025-09-24T04:13:00.000Z,2781,112007.6665,113986.2712,111229.6388,113328.6304,48044595085,2258188096263,19925746,2025-09-24T23:59:59.999Z,,,
2025-09-23T00:00:00.000Z,2025-09-23T23:59:59.999Z,2025-09-23T09:12:00.000Z,2025-09-23T20:37:00.000Z,2781,112757.4756,113351.912,111535.5673,112014.4997,47211853279,2231784565507,19925284,2025-09-23T23:59:59.999Z,,,
2025-09-22T00:00:00.000Z,2025-09-22T23:59:59.999Z,2025-09-22T00:13:00.000Z,2025-09-22T19:47:00.000Z,2781,115309.2221,115431.3091,112037.6447,112748.5056,70684158591,2246673306140,19924828,2025-09-22T23:59:59.999Z,,,
2025-09-21T00:00:00.000Z,2025-09-21T23:59:59.999Z,2025-09-21T08:02:00.000Z,2025-09-21T22:23:00.000Z,2781,115730.2258,115901.0896,115252.5801,115306.0972,22495852193,2297339763871,19923296,2025-09-21T23:59:59.999Z,,,
2025-09-20T00:00:00.000Z,2025-09-20T23:59:59.999Z,2025-09-20T15:31:00.000Z,2025-09-20T03:56:00.000Z,2781,115691.1285,116191.1481,115473.5243,115721.9582,22864449614,2305727545530,19923296,2025-09-20T23:59:59.999Z,,,
2025-09-19T00:00:00.000Z,2025-09-19T23:59:59.999Z,2025-09-19T01:06:00.000Z,2025-09-19T20:01:00.000Z,2781,117137.6733,117479.7543,115141.8173,115688.8628,38828473971,2304948597307,19923296,2025-09-19T23:59:59.999Z,,,
2025-09-18T00:00:00.000Z,2025-09-18T23:59:59.999Z,2025-09-18T18:52:00.000Z,2025-09-18T00:27:00.000Z,2781,116461.2627,117911.7883,116188.7952,117137.2025,49457272032,2333715124062,19922840,2025-09-18T23:59:59.999Z,,,
2025-09-17T00:00:00.000Z,2025-09-17T23:59:59.999Z,2025-09-17T07:23:00.000Z,2025-09-17T18:47:00.000Z,2781,116840.5069,117328.6057,114794.9732,116468.5074,60528025996,2320183085224,19922359,2025-09-17T23:59:59.999Z,,,
2025-09-16T00:00:00.000Z,2025-09-16T23:59:59.999Z,2025-09-16T22:09:00.000Z,2025-09-16T13:52:00.000Z,2781,115423.7546,117005.2759,114813.0926,116843.1843,45781744593,2327691788784,19921959,2025-09-16T23:59:59.999Z,,,
2025-09-15T00:00:00.000Z,2025-09-15T23:59:59.999Z,2025-09-15T06:11:00.000Z,2025-09-15T13:46:00.000Z,2781,115399.6311,116747.8792,114461.0632,115444.8727,52937859416,2299410634534,19921468,2025-09-15T23:59:59.999Z,,,
2025-09-14T00:00:00.000Z,2025-09-14T23:59:59.999Z,2025-09-14T09:49:00.000Z,2025-09-14T23:50:00.000Z,2781,115950.2923,116181.4992,115222.3963,115407.6544,32798036057,2298871666830,19920962,2025-09-14T23:59:59.999Z,,,
2025-09-13T00:00:00.000Z,2025-09-13T23:59:59.999Z,2025-09-13T01:04:00.000Z,2025-09-13T17:10:00.000Z,2781,116093.5595,116334.6336,115248.2759,115950.505,34549454947,2309784087734,19920468,2025-09-13T23:59:59.999Z,,,
2025-09-12T00:00:00.000Z,2025-09-12T23:59:59.999Z,2025-09-12T19:56:00.000Z,2025-09-12T12:11:00.000Z,2781,115507.793,116769.3825,114794.4844,116101.5809,54785725894,2312575346970,19919928,2025-09-12T23:59:59.999Z,,,
2025-09-11T00:00:00.000Z,2025-09-11T23:59:59.999Z,2025-09-11T23:58:00.000Z,2025-09-11T13:19:00.000Z,2781,113961.4281,115522.5439,113453.8393,115507.5375,45685065332,2300873652881,19919640,2025-09-11T23:59:59.999Z,,,
2025-09-10T00:00:00.000Z,2025-09-10T23:59:59.999Z,2025-09-10T13:50:00.000Z,2025-09-10T01:52:00.000Z,2781,111531.2479,114275.2528,110940.0769,113955.359,56377473784,2270015122300,19919153,2025-09-10T23:59:59.999Z,,,
2025-09-09T00:00:00.000Z,2025-09-09T23:59:59.999Z,2025-09-09T07:31:00.000Z,2025-09-09T15:46:00.000Z,2781,112077.5773,113225.44,110776.7003,111530.55,45984480722,2221551890594,19918650,2025-09-09T23:59:59.999Z,,,
2025-09-08T00:00:00.000Z,2025-09-08T23:59:59.999Z,2025-09-08T15:26:00.000Z,2025-09-08T02:22:00.000Z,2781,111163.0178,112869.2357,110630.6056,112071.4311,40212813407,2232377995774,19918150,2025-09-08T23:59:59.999Z,,,
2025-09-07T00:00:00.000Z,2025-09-07T23:59:59.999Z,2025-09-07T23:28:00.000Z,2025-09-07T00:03:00.000Z,2781,110221.3259,111591.0756,110211.6215,111167.6195,24618007520,2214104302826,19917634,2025-09-07T23:59:59.999Z,,,
2025-09-06T00:00:00.000Z,2025-09-06T23:59:59.999Z,2025-09-06T03:29:00.000Z,2025-09-06T19:55:00.000Z,2781,110650.5717,111275.0151,110024.0841,110224.6977,21500719036,2195293247853,19917137,2025-09-06T23:59:59.999Z,,,
2025-09-05T00:00:00.000Z,2025-09-05T23:59:59.999Z,2025-09-05T12:56:00.000Z,2025-09-05T17:44:00.000Z,2781,110723.0145,113357.4892,110233.3952,110650.9883,60241647677,2203793467266,19916693,2025-09-05T23:59:59.999Z,,,
2025-09-04T00:00:00.000Z,2025-09-04T23:59:59.999Z,2025-09-04T00:58:00.000Z,2025-09-04T15:22:00.000Z,2781,111718.1491,112208.3283,109347.2252,110723.6001,60131132901,2205191335152,19916287,2025-09-04T23:59:59.999Z,,,
2025-09-03T00:00:00.000Z,2025-09-03T23:59:59.999Z,2025-09-03T17:53:00.000Z,2025-09-03T07:21:00.000Z,2781,111190.6987,112600.2246,110582.9581,111723.2133,61119643565,2224907382003,19915362,2025-09-03T23:59:59.999Z,,,
2025-09-02T00:00:00.000Z,2025-09-02T23:59:59.999Z,2025-09-02T14:37:00.000Z,2025-09-02T12:48:00.000Z,2781,109243.0673,111748.0127,108454.0286,111200.5872,74776999491,2214403015411,19915362,2025-09-02T23:59:59.999Z,,,
2025-09-01T00:00:00.000Z,2025-09-01T23:59:59.999Z,2025-09-01T09:34:00.000Z,2025-09-01T05:20:00.000Z,2781,108228.7471,109890.5849,107271.1834,109250.5948,66870372995,2175562358172,19914878,2025-09-01T23:59:59.999Z,,,
2025-08-31T00:00:00.000Z,2025-08-31T23:59:59.999Z,2025-08-31T01:57:00.000Z,2025-08-31T23:41:00.000Z,2781,108818.4611,109490.9995,108104.6558,108236.7099,47986191770,2155311534755,19914409,2025-08-31T23:59:59.999Z,,,
2025-08-30T00:00:00.000Z,2025-08-30T23:59:59.999Z,2025-08-30T15:46:00.000Z,2025-08-30T02:00:00.000Z,2781,108409.405,108929.3487,107444.4432,108808.0717,51486264208,2167007351839,19913968,2025-08-30T23:59:59.999Z,,,
2025-08-29T00:00:00.000Z,2025-08-29T23:59:59.999Z,2025-08-29T00:30:00.000Z,2025-08-29T21:04:00.000Z,2781,112550.5201,112619.053,107559.6243,108410.8381,77843379644,2158807975373,19913475,2025-08-29T23:59:59.999Z,,,
2025-08-28T00:00:00.000Z,2025-08-28T23:59:59.999Z,2025-08-28T13:23:00.000Z,2025-08-28T00:36:00.000Z,2781,111219.0512,113450.0765,110900.9244,112544.802,58860155962,2241214229395,19912962,2025-08-28T23:59:59.999Z,,,
2025-08-27T00:00:00.000Z,2025-08-27T23:59:59.999Z,2025-08-27T14:36:00.000Z,2025-08-27T08:50:00.000Z,2781,111795.7083,112619.4155,110398.2625,111222.0607,62137056409,2214646576274,19912475,2025-08-27T23:59:59.999Z,,,
2025-08-26T00:00:00.000Z,2025-08-26T23:59:59.999Z,2025-08-26T23:14:00.000Z,2025-08-26T01:02:00.000Z,2781,110124.1054,112397.013,108762.0356,111802.6556,69396320317,2226076813796,19912006,2025-08-26T23:59:59.999Z,,,
2025-08-25T00:00:00.000Z,2025-08-25T23:59:59.999Z,2025-08-25T03:11:00.000Z,2025-08-25T21:33:00.000Z,2781,113456.8947,113637.8419,109324.2802,110124.3509,85706860190,2192739869456,19911534,2025-08-25T23:59:59.999Z,,,
2025-08-24T00:00:00.000Z,2025-08-24T23:59:59.999Z,2025-08-24T02:10:00.000Z,2025-08-24T19:38:00.000Z,2781,115387.3913,115615.084,111060.5449,113458.4322,73961489632,2259049760359,19911084,2025-08-24T23:59:59.999Z,,,
2025-08-23T00:00:00.000Z,2025-08-23T23:59:59.999Z,2025-08-23T00:35:00.000Z,2025-08-23T15:12:00.000Z,2781,116866.3678,116996.2532,114536.1083,115374.3312,55377142586,2297430001315,19910581,2025-08-23T23:59:59.999Z,,,
2025-08-22T00:00:00.000Z,2025-08-22T23:59:59.999Z,2025-08-22T18:15:00.000Z,2025-08-22T12:36:00.000Z,2781,112433.7308,117377.3987,111678.9486,116874.0875,82528088240,2326822823274,19910115,2025-08-22T23:59:59.999Z,,,
2025-08-21T00:00:00.000Z,2025-08-21T23:59:59.999Z,2025-08-21T02:02:00.000Z,2025-08-21T19:39:00.000Z,2781,114275.6841,114802.6496,111986.2347,112419.0275,57817883700,2238516228088,19909650,2025-08-21T23:59:59.999Z,,,
2025-08-20T00:00:00.000Z,2025-08-20T23:59:59.999Z,2025-08-20T22:57:00.000Z,2025-08-20T14:18:00.000Z,2781,112828.0214,114625.7961,112387.962,114274.7408,67993811526,2275137450833,19909200,2025-08-20T23:59:59.999Z,,,
2025-08-19T00:00:00.000Z,2025-08-19T23:59:59.999Z,2025-08-19T01:05:00.000Z,2025-08-19T23:55:00.000Z,2781,116241.8565,116764.4963,112730.3987,112831.176,71657600353,2246264081038,19908743,2025-08-19T23:59:59.999Z,,,
2025-08-18T00:00:00.000Z,2025-08-18T23:59:59.999Z,2025-08-18T00:11:00.000Z,2025-08-18T09:35:00.000Z,2781,117453.9064,117614.1712,114723.6824,116252.3119,72787808090,2314179147653,19908312,2025-08-18T23:59:59.999Z,,,
2025-08-17T00:00:00.000Z,2025-08-17T23:59:59.999Z,2025-08-17T13:53:00.000Z,2025-08-17T01:08:00.000Z,2781,117492.7886,118595.7763,117279.521,117453.0627,45852169525,2338253928062,19907843,2025-08-17T23:59:59.999Z,,,
2025-08-16T00:00:00.000Z,2025-08-16T23:59:59.999Z,2025-08-16T01:55:00.000Z,2025-08-16T10:23:00.000Z,2781,117398.4231,117996.0633,117271.9524,117491.3484,48036922378,2338971474695,19907362,2025-08-16T23:59:59.999Z,,,
2025-08-15T00:00:00.000Z,2025-08-15T23:59:59.999Z,2025-08-15T06:49:00.000Z,2025-08-15T16:17:00.000Z,2781,118365.7844,119332.3118,116864.5735,117398.348,68665353159,2337039020728,19906903,2025-08-15T23:59:59.999Z,,,
2025-08-14T00:00:00.000Z,2025-08-14T23:59:59.999Z,2025-08-14T00:33:00.000Z,2025-08-14T18:23:00.000Z,2781,123339.3954,124457.1169,117254.8826,118359.5806,104055627395,2356244699278,19906468,2025-08-14T23:59:59.999Z,,,
2025-08-13T00:00:00.000Z,2025-08-13T23:59:59.999Z,2025-08-13T23:42:00.000Z,2025-08-13T06:05:00.000Z,2781,120168.9777,123682.4534,118939.6313,123344.0598,90904808795,2455190057730,19905968,2025-08-13T23:59:59.999Z,,,
2025-08-12T00:00:00.000Z,2025-08-12T23:59:59.999Z,2025-08-12T20:56:00.000Z,2025-08-12T10:15:00.000Z,2781,118717.6624,120302.4707,118228.7222,120172.9071,72803657984,2391997268649,19905281,2025-08-12T23:59:59.999Z,,,
2025-08-11T00:00:00.000Z,2025-08-11T23:59:59.999Z,2025-08-11T06:56:00.000Z,2025-08-11T21:54:00.000Z,2781,119306.8108,122321.0974,118159.0285,118731.447,90528784177,2363082431522,19905062,2025-08-11T23:59:59.999Z,,,
2025-08-10T00:00:00.000Z,2025-08-10T23:59:59.999Z,2025-08-10T23:35:00.000Z,2025-08-10T00:02:00.000Z,2781,116497.7166,119320.7141,116485.166,119306.7614,64755458694,2374751720810,19904578,2025-08-10T23:59:59.999Z,,,
2025-08-09T00:00:00.000Z,2025-08-09T23:59:59.999Z,2025-08-09T10:24:00.000Z,2025-08-09T03:09:00.000Z,2781,116678.2757,117906.6118,116363.8352,116500.3621,54004312429,2318789772860,19904165,2025-08-09T23:59:59.999Z,,,
2025-08-08T00:00:00.000Z,2025-08-08T23:59:59.999Z,2025-08-08T00:39:00.000Z,2025-08-08T15:47:00.000Z,2781,117505.4974,117689.2015,115917.4581,116688.7254,59713005166,2322343980632,19903825,2025-08-08T23:59:59.999Z,,,
2025-08-07T00:00:00.000Z,2025-08-07T23:59:59.999Z,2025-08-07T22:57:00.000Z,2025-08-07T04:57:00.000Z,2781,115030.0522,117676.9055,114279.712,117496.8974,64051649681,2338757036672,19903384,2025-08-07T23:59:59.999Z,,,
2025-08-06T00:00:00.000Z,2025-08-06T23:59:59.999Z,2025-08-06T18:16:00.000Z,2025-08-06T04:39:00.000Z,2781,114140.9136,115737.8332,113372.249,115027.9964,56379133510,2289426220057,19902853,2025-08-06T23:59:59.999Z,,,
2025-08-05T00:00:00.000Z,2025-08-05T23:59:59.999Z,2025-08-05T00:39:00.000Z,2025-08-05T14:47:00.000Z,2781,115072.1846,115117.4359,112701.1104,114141.4417,61039182286,2271682684065,19902440,2025-08-05T23:59:59.999Z,,,
2025-08-04T00:00:00.000Z,2025-08-04T23:59:59.999Z,2025-08-04T17:18:00.000Z,2025-08-04T00:15:00.000Z,2781,114223.9233,115729.472,114130.4032,115071.8843,35783028986,2290168688368,19902018,2025-08-04T23:59:59.999Z,,,
2025-08-03T00:00:00.000Z,2025-08-03T23:59:59.999Z,2025-08-03T19:38:00.000Z,2025-08-03T00:39:00.000Z,2781,112525.8033,114747.4234,111943.8044,114217.673,48099615826,2273225581674,19901484,2025-08-03T23:59:59.999Z,,,
2025-08-02T00:00:00.000Z,2025-08-02T23:59:59.999Z,2025-08-02T05:04:00.000Z,2025-08-02T19:15:00.000Z,2781,113320.3944,114021.6051,112005.7691,112526.9146,56870866000,2239374886795,19900990,2025-08-02T23:59:59.999Z,,,
2025-08-01T00:00:00.000Z,2025-08-01T23:59:59.999Z,2025-08-01T03:25:00.000Z,2025-08-01T22:52:00.000Z,2781,115738.9552,116060.7726,112724.443,113320.086,91294530181,2255135680884,19900528,2025-08-01T23:59:59.999Z,,,
2025-07-31T00:00:00.000Z,2025-07-31T23:59:59.999Z,2025-07-31T07:22:00.000Z,2025-07-31T23:42:00.000Z,2781,117833.6296,118919.9847,115505.2223,115758.2039,69370346018,2303212731756,19900065,2025-07-31T23:59:59.999Z,,,
2025-07-30T00:00:00.000Z,2025-07-30T23:59:59.999Z,2025-07-30T15:01:00.000Z,2025-07-30T19:07:00.000Z,2781,117921.9941,118780.7267,115800.8268,117831.1914,68896148592,2344840211128,19899584,2025-07-30T23:59:59.999Z,,,
2025-07-29T00:00:00.000Z,2025-07-29T23:59:59.999Z,2025-07-29T07:49:00.000Z,2025-07-29T16:39:00.000Z,2781,117938.5844,119273.8701,116987.3709,117922.1478,68463107433,2346548863679,19899162,2025-07-29T23:59:59.999Z,,,
2025-07-28T00:00:00.000Z,2025-07-28T23:59:59.999Z,2025-07-28T02:39:00.000Z,2025-07-28T18:36:00.000Z,2781,119457.522,119819.7899,117441.4375,117924.473,64822943193,2346839250913,19898825,2025-07-28T23:59:59.999Z,,,
2025-07-27T00:00:00.000Z,2025-07-27T23:59:59.999Z,2025-07-27T22:46:00.000Z,2025-07-27T00:13:00.000Z,2781,117944.7297,119815.5973,117859.687,119448.4903,54683390892,2377006745710,19898343,2025-07-27T23:59:59.999Z,,,
2025-07-26T00:00:00.000Z,2025-07-26T23:59:59.999Z,2025-07-26T19:56:00.000Z,2025-07-26T02:00:00.000Z,2781,117644.8441,118335.6855,117181.2278,117947.3662,48508954046,2346856092637,19897931,2025-07-26T23:59:59.999Z,,,
2025-07-25T00:00:00.000Z,2025-07-25T23:59:59.999Z,2025-07-25T00:05:00.000Z,2025-07-25T07:57:00.000Z,2781,118368.0032,118486.9789,114759.8232,117635.8811,104857024569,2340833108361,19897456,2025-07-25T23:59:59.999Z,,,
2025-07-24T00:00:00.000Z,2025-07-24T23:59:59.999Z,2025-07-24T15:11:00.000Z,2025-07-24T07:06:00.000Z,2781,118770.9815,119535.4547,117247.9722,118368.0032,72627318560,2355161768777,19896946,2025-07-24T23:59:59.999Z,,,
2025-07-23T00:00:00.000Z,2025-07-23T23:59:59.999Z,2025-07-23T00:26:00.000Z,2025-07-23T13:52:00.000Z,2781,119997.4427,120113.3505,117391.3908,118754.9572,66608604537,2363126358024,19896496,2025-07-23T23:59:59.999Z,,,
2025-07-22T00:00:00.000Z,2025-07-22T23:59:59.999Z,2025-07-22T23:20:00.000Z,2025-07-22T01:19:00.000Z,2781,117426.4982,120269.9665,116233.2262,119995.4156,79217583118,2387475839646,19896056,2025-07-22T23:59:59.999Z,,,
2025-07-21T00:00:00.000Z,2025-07-21T23:59:59.999Z,2025-07-21T07:31:00.000Z,2025-07-21T00:24:00.000Z,2781,117306.467,119671.5641,116584.4004,117439.5358,69820091744,2336270166955,19895596,2025-07-21T23:59:59.999Z,,,
2025-07-20T00:00:00.000Z,2025-07-20T23:59:59.999Z,2025-07-20T16:06:00.000Z,2025-07-20T22:19:00.000Z,2781,117944.1092,118865.0341,116550.1361,117300.7857,57515447231,2333823422030,19895096,2025-07-20T23:59:59.999Z,,,
2025-07-19T00:00:00.000Z,2025-07-19T23:59:59.999Z,2025-07-19T11:10:00.000Z,2025-07-19T21:27:00.000Z,2781,117998.1274,118541.4017,117388.4107,117939.9787,47564562765,2346457480606,19894656,2025-07-19T23:59:59.999Z,,,
2025-07-18T00:00:00.000Z,2025-07-18T23:59:59.999Z,2025-07-18T06:03:00.000Z,2025-07-18T20:39:00.000Z,2781,119284.1118,120851.9178,116925.9812,118003.2245,77945799785,2347478699403,19894203,2025-07-18T23:59:59.999Z,,,
2025-07-17T00:00:00.000Z,2025-07-17T23:59:59.999Z,2025-07-17T21:26:00.000Z,2025-07-17T12:31:00.000Z,2781,118738.506,120999.6072,117508.216,119289.8422,72363841798,2373010088203,19893765,2025-07-17T23:59:59.999Z,,,
2025-07-16T00:00:00.000Z,2025-07-16T23:59:59.999Z,2025-07-16T21:04:00.000Z,2025-07-16T02:38:00.000Z,2781,117777.189,120065.5187,117064.8216,118738.506,72162029070,2362105115509,19893337,2025-07-16T23:59:59.999Z,,,
2025-07-15T00:00:00.000Z,2025-07-15T23:59:59.999Z,2025-07-15T00:29:00.000Z,2025-07-15T14:58:00.000Z,2781,119853.8485,119935.5604,115765.6867,117777.189,98321661181,2342931256280,19892912,2025-07-15T23:59:59.999Z,,,
2025-07-14T00:00:00.000Z,2025-07-14T23:59:59.999Z,2025-07-14T07:40:00.000Z,2025-07-14T01:32:00.000Z,2781,119115.7875,123091.6128,118959.1968,119849.7057,181746419401,2384182852790,19892418,2025-07-14T23:59:59.999Z,,,
2025-07-13T00:00:00.000Z,2025-07-13T23:59:59.999Z,2025-07-13T19:33:00.000Z,2025-07-13T00:19:00.000Z,2781,117432.2008,119449.5719,117265.4379,119116.1175,49021091807,2369444812889,19891946,2025-07-13T23:59:59.999Z,,,
2025-07-12T00:00:00.000Z,2025-07-12T23:59:59.999Z,2025-07-12T09:55:00.000Z,2025-07-12T15:55:00.000Z,2781,117530.7129,118219.9,116977.0237,117435.2301,45524560304,2335905558931,19891525,2025-07-12T23:59:59.999Z,,,
2025-07-11T00:00:00.000Z,2025-07-11T23:59:59.999Z,2025-07-11T09:38:00.000Z,2025-07-11T00:28:00.000Z,2781,115986.2348,118856.4737,115245.6863,117516.9937,86928361085,2337810344521,19891059,2025-07-11T23:59:59.999Z,,,
2025-07-10T00:00:00.000Z,2025-07-10T23:59:59.999Z,2025-07-10T21:58:00.000Z,2025-07-10T13:45:00.000Z,2781,111329.196,116608.7847,110660.7495,115987.2062,95911605728,2307032090295,19890568,2025-07-10T23:59:59.999Z,,,
2025-07-09T00:00:00.000Z,2025-07-09T23:59:59.999Z,2025-07-09T19:56:00.000Z,2025-07-09T04:27:00.000Z,2781,108950.2755,111925.3769,108357.682,111326.5513,57927418065,2214343274521,19890050,2025-07-09T23:59:59.999Z,,,
2025-07-08T00:00:00.000Z,2025-07-08T23:59:59.999Z,2025-07-08T13:47:00.000Z,2025-07-08T02:19:00.000Z,2781,108298.229,109198.9716,107499.5565,108950.2755,44282204127,2166970209726,19889534,2025-07-08T23:59:59.999Z,,,
2025-07-07T00:00:00.000Z,2025-07-07T23:59:59.999Z,2025-07-07T03:28:00.000Z,2025-07-07T18:34:00.000Z,2781,109235.328,109710.2498,107527.0572,108299.8511,45415696597,2153955280582,19889109,2025-07-07T23:59:59.999Z,,,
2025-07-06T00:00:00.000Z,2025-07-06T23:59:59.999Z,2025-07-06T21:32:00.000Z,2025-07-06T10:03:00.000Z,2781,108231.1838,109731.6259,107847.0172,109232.0697,36746020463,2172541130548,19888631,2025-07-06T23:59:59.999Z,,,
2025-07-05T00:00:00.000Z,2025-07-05T23:59:59.999Z,2025-07-05T04:31:00.000Z,2025-07-05T02:34:00.000Z,2781,108015.8392,108381.3402,107842.2751,108231.182,30615537520,2152514555350,19888118,2025-07-05T23:59:59.999Z,,,
2025-07-04T00:00:00.000Z,2025-07-04T23:59:59.999Z,2025-07-04T01:36:00.000Z,2025-07-04T19:32:00.000Z,2781,109635.6552,109751.9875,107296.38,108034.339,42616442656,2148181204989,19887650,2025-07-04T23:59:59.999Z,,,
2025-07-03T00:00:00.000Z,2025-07-03T23:59:59.999Z,2025-07-03T13:58:00.000Z,2025-07-03T02:44:00.000Z,2781,108845.0129,110541.4616,108605.7956,109647.9788,50494742270,2180339952810,19887143,2025-07-03T23:59:59.999Z,,,
2025-07-02T00:00:00.000Z,2025-07-02T23:59:59.999Z,2025-07-02T17:25:00.000Z,2025-07-02T01:18:00.000Z,2781,105703.0999,109763.6535,105157.3956,108859.3239,56248657737,2164564307569,19886665,2025-07-02T23:59:59.999Z,,,
2025-07-01T00:00:00.000Z,2025-07-01T23:59:59.999Z,2025-07-01T01:25:00.000Z,2025-07-01T20:02:00.000Z,2781,107144.3826,107550.6787,105270.2266,105698.2781,44110692247,2102033618559,19886206,2025-07-01T23:59:59.999Z,,,
2025-06-30T00:00:00.000Z,2025-06-30T23:59:59.999Z,2025-06-30T01:46:00.000Z,2025-06-30T15:19:00.000Z,2781,108383.4412,108798.7919,106759.6503,107135.3345,42064804590,2130649407201,19885778,2025-06-30T23:59:59.999Z,,,
2025-06-29T00:00:00.000Z,2025-06-29T23:59:59.999Z,2025-06-29T12:01:00.000Z,2025-06-29T02:06:00.000Z,2781,107327.8224,108526.307,107230.1105,108385.5701,35534874438,2155239518940,19885321,2025-06-29T23:59:59.999Z,,,
2025-06-28T00:00:00.000Z,2025-06-28T23:59:59.999Z,2025-06-28T17:52:00.000Z,2025-06-28T01:39:00.000Z,2781,107090.5489,107567.8816,106883.9733,107327.7032,30037708335,2134192283383,19884800,2025-06-28T23:59:59.999Z,,,
2025-06-27T00:00:00.000Z,2025-06-27T23:59:59.999Z,2025-06-27T07:21:00.000Z,2025-06-27T14:36:00.000Z,2781,106954.9233,107772.4715,106449.9941,107088.4302,45353692675,2129424241709,19884334,2025-06-27T23:59:59.999Z,,,
2025-06-26T00:00:00.000Z,2025-06-26T23:59:59.999Z,2025-06-26T03:07:00.000Z,2025-06-26T15:34:00.000Z,2781,107375.0706,108305.543,106666.3498,106960.0033,43891990613,2126689663377,19883981,2025-06-26T23:59:59.999Z,,,
2025-06-25T00:00:00.000Z,2025-06-25T23:59:59.999Z,2025-06-25T14:08:00.000Z,2025-06-25T00:39:00.000Z,2781,106047.4032,108168.4003,105881.3894,107361.2608,51624120283,2134992217055,19883500,2025-06-25T23:59:59.999Z,,,
2025-06-24T00:00:00.000Z,2025-06-24T23:59:59.999Z,2025-06-24T17:03:00.000Z,2025-06-24T08:19:00.000Z,2781,105571.5178,106316.8286,104740.2421,106045.6321,48822986421,2108544440918,19883037,2025-06-24T23:59:59.999Z,,,
2025-06-23T00:00:00.000Z,2025-06-23T23:59:59.999Z,2025-06-23T22:31:00.000Z,2025-06-23T16:38:00.000Z,2781,100987.4731,106116.8623,99705.747,105577.772,65237759656,2099045443833,19882687,2025-06-23T23:59:59.999Z,,,
2025-06-22T00:00:00.000Z,2025-06-22T23:59:59.999Z,2025-06-22T00:38:00.000Z,2025-06-22T20:19:00.000Z,2781,102212.0349,103351.6304,98286.20593,100987.1395,65536997201,2007868285979,19882350,2025-06-22T23:59:59.999Z,,,
2025-06-21T00:00:00.000Z,2025-06-21T23:59:59.999Z,2025-06-21T10:37:00.000Z,2025-06-21T23:47:00.000Z,2781,103315.0806,104015.7801,100973.0642,102257.4087,38360555118,2032178962105,19881993,2025-06-21T23:59:59.999Z,,,
2025-06-20T00:00:00.000Z,2025-06-20T23:59:59.999Z,2025-06-20T08:38:00.000Z,2025-06-20T17:38:00.000Z,2781,104681.033,106539.3839,102372.211,103309.6041,50951862476,2054066111076,19881571,2025-06-20T23:59:59.999Z,,,
2025-06-19T00:00:00.000Z,2025-06-19T23:59:59.999Z,2025-06-19T05:08:00.000Z,2025-06-19T17:06:00.000Z,2781,104886.7743,105250.8923,103940.7752,104684.286,37333806920,2081173353267,19881093,2025-06-19T23:59:59.999Z,,,
2025-06-18T00:00:00.000Z,2025-06-18T23:59:59.999Z,2025-06-18T05:30:00.000Z,2025-06-18T19:01:00.000Z,2781,104602.0686,105581.8531,103602.2618,104883.3269,47318089133,2085154632114,19880053,2025-06-18T23:59:59.999Z,,,
2025-06-17T00:00:00.000Z,2025-06-17T23:59:59.999Z,2025-06-17T03:13:00.000Z,2025-06-17T17:08:00.000Z,2781,106794.1209,107750.1941,103396.528,104601.1168,55964092176,2079279920320,19878000,2025-06-17T23:59:59.999Z,,,
2025-06-16T00:00:00.000Z,2025-06-16T23:59:59.999Z,2025-06-16T19:28:00.000Z,2025-06-16T01:33:00.000Z,2781,105555.5929,108915.3756,104997.6212,106796.7572,50366626945,2122853535352,19878000,2025-06-16T23:59:59.999Z,,,
2025-06-15T00:00:00.000Z,2025-06-15T23:59:59.999Z,2025-06-15T06:01:00.000Z,2025-06-15T21:14:00.000Z,2781,105464.8401,106157.0984,104519.8802,105552.027,36744307742,2098234075783,19878000,2025-06-15T23:59:59.999Z,,,
2025-06-14T00:00:00.000Z,2025-06-14T23:59:59.999Z,2025-06-14T00:54:00.000Z,2025-06-14T20:11:00.000Z,2781,106108.0852,106203.756,104379.3652,105472.4087,38007870453,2096430090986,19878000,2025-06-14T23:59:59.999Z,,,
2025-06-13T00:00:00.000Z,2025-06-13T23:59:59.999Z,2025-06-13T23:46:00.000Z,2025-06-13T01:12:00.000Z,2781,105924.5906,106182.546,102822.0258,106090.9664,69550440846,2109216518328,19878000,2025-06-13T23:59:59.999Z,,,
2025-06-12T00:00:00.000Z,2025-06-12T23:59:59.999Z,2025-06-12T00:24:00.000Z,2025-06-12T22:56:00.000Z,2781,108685.9104,108780.6974,105785.6887,105929.0513,54843867968,2105569011167,19878000,2025-06-12T23:59:59.999Z,,,
2025-06-11T00:00:00.000Z,2025-06-11T23:59:59.999Z,2025-06-11T14:36:00.000Z,2025-06-11T22:27:00.000Z,2781,110261.7963,110384.221,108086.3279,108686.6277,50842662052,2160417335560,19877621,2025-06-11T23:59:59.999Z,,,
2025-06-10T00:00:00.000Z,2025-06-10T23:59:59.999Z,2025-06-10T19:36:00.000Z,2025-06-10T15:34:00.000Z,2781,110295.6877,110380.1214,108367.7134,110257.2377,54700101509,2191694012366,19877184,2025-06-10T23:59:59.999Z,,,
2025-06-09T00:00:00.000Z,2025-06-09T23:59:59.999Z,2025-06-09T21:31:00.000Z,2025-06-09T05:39:00.000Z,2781,105793.0212,110561.4198,105400.2309,110294.0991,55903193732,2192310434433,19876665,2025-06-09T23:59:59.999Z,,,
2025-06-08T00:00:00.000Z,2025-06-08T23:59:59.999Z,2025-06-08T21:57:00.000Z,2025-06-08T10:16:00.000Z,2781,105617.5094,106497.0598,105075.3305,105793.6502,36626232328,2102766527056,19876231,2025-06-08T23:59:59.999Z,,,
2025-06-07T00:00:00.000Z,2025-06-07T23:59:59.999Z,2025-06-07T20:20:00.000Z,2025-06-07T00:19:00.000Z,2781,104390.6448,105972.7541,103987.3118,105615.6263,38365033776,2099226790871,19875746,2025-06-07T23:59:59.999Z,,,
2025-06-06T00:00:00.000Z,2025-06-06T23:59:59.999Z,2025-06-06T15:17:00.000Z,2025-06-06T00:23:00.000Z,2781,101574.3671,105376.7734,101169.5724,104390.3469,48856653697,2074795695701,19875303,2025-06-06T23:59:59.999Z,,,
2025-06-05T00:00:00.000Z,2025-06-05T23:59:59.999Z,2025-06-05T13:11:00.000Z,2025-06-05T20:57:00.000Z,2781,104750.7801,105936.6902,100436.8859,101575.9523,57479298400,2018776223605,19874859,2025-06-05T23:59:59.999Z,,,
2025-06-04T00:00:00.000Z,2025-06-04T23:59:59.999Z,2025-06-04T10:16:00.000Z,2025-06-04T14:07:00.000Z,2781,105434.3683,105997.6923,104232.6999,104731.9833,44544857105,2081863721656,19874446,2025-06-04T23:59:59.999Z,,,
2025-06-03T00:00:00.000Z,2025-06-03T23:59:59.999Z,2025-06-03T15:32:00.000Z,2025-06-03T08:44:00.000Z,2781,105888.4735,106813.579,104920.8441,105432.4701,46196508367,2095409805426,19874068,2025-06-03T23:59:59.999Z,,,
2025-06-02T00:00:00.000Z,2025-06-02T23:59:59.999Z,2025-06-02T23:26:00.000Z,2025-06-02T14:01:00.000Z,2781,105649.8096,105958.3134,103727.5471,105881.5339,45819706290,2104387814851,19873625,2025-06-02T23:59:59.999Z,,,
2025-06-01T00:00:00.000Z,2025-06-01T23:59:59.999Z,2025-06-01T23:22:00.000Z,2025-06-01T09:56:00.000Z,2781,104637.2967,105884.5443,103826.9556,105652.0986,37397056873,2099597472488,19873178,2025-06-01T23:59:59.999Z,,,
2025-05-31T00:00:00.000Z,2025-05-31T23:59:59.999Z,2025-05-31T21:38:00.000Z,2025-05-31T03:09:00.000Z,2781,103994.7152,104927.1046,103136.1135,104638.0913,38997843858,2079433767579,19872778,2025-05-31T23:59:59.999Z,,,
2025-05-30T00:00:00.000Z,2025-05-30T23:59:59.999Z,2025-05-30T05:41:00.000Z,2025-05-30T23:36:00.000Z,2781,105646.2077,106308.9485,103685.7883,103998.5722,57655287183,2066610850556,19872268,2025-05-30T23:59:59.999Z,,,
2025-05-29T00:00:00.000Z,2025-05-29T23:59:59.999Z,2025-05-29T11:23:00.000Z,2025-05-29T23:50:00.000Z,2781,107795.5706,108910.0492,105374.3999,105641.7607,56022752042,2099378937279,19871787,2025-05-29T23:59:59.999Z,,,
2025-05-28T00:00:00.000Z,2025-05-28T23:59:59.999Z,2025-05-28T01:01:00.000Z,2025-05-28T20:03:00.000Z,2781,108992.1725,109298.2886,106812.9299,107802.3245,49155377493,2142032300751,19871246,2025-05-28T23:59:59.999Z,,,
2025-05-27T00:00:00.000Z,2025-05-27T23:59:59.999Z,2025-05-27T13:21:00.000Z,2025-05-27T01:25:00.000Z,2781,109440.4095,110744.2078,107609.5567,108994.6422,57450176272,2165759917665,19870784,2025-05-27T23:59:59.999Z,,,
2025-05-26T00:00:00.000Z,2025-05-26T23:59:59.999Z,2025-05-26T15:42:00.000Z,2025-05-26T00:29:00.000Z,2781,109023.7783,110376.8815,108735.6419,109440.3684,45950461571,2174618146067,19870340,2025-05-26T23:59:59.999Z,,,
2025-05-25T00:00:00.000Z,2025-05-25T23:59:59.999Z,2025-05-25T23:02:00.000Z,2025-05-25T16:30:00.000Z,2781,107802.2721,109313.3015,106683.3725,109035.387,47518041841,2166289174480,19869878,2025-05-25T23:59:59.999Z,,,
2025-05-24T00:00:00.000Z,2025-05-24T23:59:59.999Z,2025-05-24T11:13:00.000Z,2025-05-24T00:06:00.000Z,2781,107278.507,109454.5212,106895.2911,107791.1575,45903627163,2141965387828,19869390,2025-05-24T23:59:59.999Z,,,
2025-05-23T00:00:00.000Z,2025-05-23T23:59:59.999Z,2025-05-23T00:14:00.000Z,2025-05-23T23:50:00.000Z,2781,111679.3563,111798.9039,106841.3012,107287.7967,67548133399,2131510862105,19868946,2025-05-23T23:59:59.999Z,,,
2025-05-22T00:00:00.000Z,2025-05-22T23:59:59.999Z,2025-05-22T17:35:00.000Z,2025-05-22T00:44:00.000Z,2781,109673.4919,111970.1681,109285.0724,111673.284,70157575642,2218898497874,19868475,2025-05-22T23:59:59.999Z,,,
2025-05-21T00:00:00.000Z,2025-05-21T23:59:59.999Z,2025-05-21T23:28:00.000Z,2025-05-21T09:51:00.000Z,2781,106791.3124,110724.4642,106127.2346,109678.0763,78086364051,2178990523382,19867978,2025-05-21T23:59:59.999Z,,,
2025-05-20T00:00:00.000Z,2025-05-20T23:59:59.999Z,2025-05-20T20:50:00.000Z,2025-05-20T13:49:00.000Z,2781,105605.4091,107307.1139,104206.5158,106791.0897,36515726122,2121681311978,19867546,2025-05-20T23:59:59.999Z,,,
2025-05-19T00:00:00.000Z,2025-05-19T23:59:59.999Z,2025-05-19T00:09:00.000Z,2025-05-19T06:40:00.000Z,2781,106430.5327,107068.7224,102112.6855,105606.1815,61761126647,2098071217513,19867081,2025-05-19T23:59:59.999Z,,,
2025-05-18T00:00:00.000Z,2025-05-18T23:59:59.999Z,2025-05-18T23:59:00.000Z,2025-05-18T00:02:00.000Z,2781,103186.9556,106597.1681,103142.6046,106446.0106,49887082058,2114273396995,19865290,2025-05-18T23:59:59.999Z,,,
2025-05-17T00:00:00.000Z,2025-05-17T23:59:59.999Z,2025-05-17T05:04:00.000Z,2025-05-17T01:48:00.000Z,2781,103489.2897,103716.949,102659.1771,103191.0855,37898552742,2049838797923,19865290,2025-05-17T23:59:59.999Z,,,
2025-05-16T00:00:00.000Z,2025-05-16T23:59:59.999Z,2025-05-16T16:06:00.000Z,2025-05-16T08:26:00.000Z,2781,103735.6551,104533.4867,103137.4787,103489.2917,44386499364,2055844752494,19865290,2025-05-16T23:59:59.999Z,,,
2025-05-15T00:00:00.000Z,2025-05-15T23:59:59.999Z,2025-05-15T17:46:00.000Z,2025-05-15T14:47:00.000Z,2781,103538.8257,104153.6199,101440.8125,103744.6436,50408241840,2060734306805,19865246,2025-05-15T23:59:59.999Z,,,
2025-05-14T00:00:00.000Z,2025-05-14T23:59:59.999Z,2025-05-14T13:36:00.000Z,2025-05-14T17:26:00.000Z,2781,104167.3256,104303.5652,102618.2974,103539.4171,45956071155,2056779928150,19864818,2025-05-14T23:59:59.999Z,,,
2025-05-13T00:00:00.000Z,2025-05-13T23:59:59.999Z,2025-05-13T19:49:00.000Z,2025-05-13T03:31:00.000Z,2781,102812.4925,104997.4206,101515.0929,104169.8129,52608876410,2069217464299,19864362,2025-05-13T23:59:59.999Z,,,
2025-05-12T00:00:00.000Z,2025-05-12T23:59:59.999Z,2025-05-12T07:06:00.000Z,2025-05-12T18:51:00.000Z,2781,104106.9627,105747.4521,100814.4026,102812.9533,63250475404,2042262518124,19863953,2025-05-12T23:59:59.999Z,,,
2025-05-11T00:00:00.000Z,2025-05-11T23:59:59.999Z,2025-05-11T00:08:00.000Z,2025-05-11T08:00:00.000Z,2781,104701.0726,104937.9892,103364.7398,104106.3555,46285517406,2067926988012,19863484,2025-05-11T23:59:59.999Z,,,
2025-05-10T00:00:00.000Z,2025-05-10T23:59:59.999Z,2025-05-10T23:26:00.000Z,2025-05-10T00:57:00.000Z,2781,102973.7142,104961.7644,102830.4816,104696.3273,42276713994,2079681907130,19863043,2025-05-10T23:59:59.999Z,,,
2025-05-09T00:00:00.000Z,2025-05-09T23:59:59.999Z,2025-05-09T07:50:00.000Z,2025-05-09T03:58:00.000Z,2781,103239.1252,104297.4909,102343.0903,102970.8497,58198593958,2045331412614,19862550,2025-05-09T23:59:59.999Z,,,
2025-05-08T00:00:00.000Z,2025-05-08T23:59:59.999Z,2025-05-08T21:22:00.000Z,2025-05-08T00:43:00.000Z,2781,97034.24689,103969.5365,96913.8724,103241.4608,69895404397,2050549647766,19862137,2025-05-08T23:59:59.999Z,,,
2025-05-07T00:00:00.000Z,2025-05-07T23:59:59.999Z,2025-05-07T01:09:00.000Z,2025-05-07T19:36:00.000Z,2781,96800.1945,97625.80534,95829.33207,97032.31897,76983822462,1927258114966,19861628,2025-05-07T23:59:59.999Z,,,
2025-05-06T00:00:00.000Z,2025-05-06T23:59:59.999Z,2025-05-06T23:52:00.000Z,2025-05-06T13:55:00.000Z,2781,94748.38629,96889.17623,93399.85891,96802.47756,26551275827,1922564634928,19861165,2025-05-06T23:59:59.999Z,,,
2025-05-05T00:00:00.000Z,2025-05-05T23:59:59.999Z,2025-05-05T22:43:00.000Z,2025-05-05T02:10:00.000Z,2781,94319.56287,95193.1862,93566.26384,94748.05148,25816260327,1881770981024,19860718,2025-05-05T23:59:59.999Z,,,
2025-05-04T00:00:00.000Z,2025-05-04T23:59:59.999Z,2025-05-04T02:07:00.000Z,2025-05-04T23:46:00.000Z,2781,95877.18418,96318.91982,94173.43224,94315.97489,18198688416,1873204156311,19860187,2025-05-04T23:59:59.999Z,,,
2025-05-03T00:00:00.000Z,2025-05-03T23:59:59.999Z,2025-05-03T00:06:00.000Z,2025-05-03T23:39:00.000Z,2781,96904.63474,96943.88182,95821.29092,95891.79803,15775154889,1904096908524,19859750,2025-05-03T23:59:59.999Z,,,
2025-05-02T00:00:00.000Z,2025-05-02T23:59:59.999Z,2025-05-02T15:02:00.000Z,2025-05-02T08:01:00.000Z,2781,96494.96919,97905.90081,96375.94611,96910.06858,26421924677,1924452398321,19859240,2025-05-02T23:59:59.999Z,,,
2025-05-01T00:00:00.000Z,2025-05-01T23:59:59.999Z,2025-05-01T15:16:00.000Z,2025-05-01T00:01:00.000Z,2781,94212.86288,97437.96388,94153.63388,96492.33905,32875889623,1916269083425,19858746,2025-05-01T23:59:59.999Z,,,
2025-04-30T00:00:00.000Z,2025-04-30T23:59:59.999Z,2025-04-30T11:56:00.000Z,2025-04-30T14:01:00.000Z,2781,94286.46866,95249.31941,92979.63963,94207.3113,28344679831,1870909932834,19858328,2025-04-30T23:59:59.999Z,,,
2025-04-29T00:00:00.000Z,2025-04-29T23:59:59.999Z,2025-04-29T16:46:00.000Z,2025-04-29T23:15:00.000Z,2781,94981.86138,95485.41282,93796.63422,94284.79163,25806129921,1872332680248,19857915,2025-04-29T23:59:59.999Z,,,
2025-04-28T00:00:00.000Z,2025-04-28T23:59:59.999Z,2025-04-28T12:48:00.000Z,2025-04-28T01:56:00.000Z,2781,93755.30361,95598.49224,92860.80822,94978.7525,32363449569,1886098133222,19857456,2025-04-28T23:59:59.999Z,,,
2025-04-27T00:00:00.000Z,2025-04-27T23:59:59.999Z,2025-04-27T01:18:00.000Z,2025-04-27T13:08:00.000Z,2781,94660.90921,95301.20638,93665.39736,93754.84674,18090367764,1861696344787,19856971,2025-04-27T23:59:59.999Z,,,
2025-04-26T00:00:00.000Z,2025-04-26T23:59:59.999Z,2025-04-26T01:37:00.000Z,2025-04-26T13:47:00.000Z,2781,94714.64637,95251.35944,93927.25063,94646.92811,17612825123,1879642011225,19856581,2025-04-26T23:59:59.999Z,,,
2025-04-25T00:00:00.000Z,2025-04-25T23:59:59.999Z,2025-04-25T14:57:00.000Z,2025-04-25T03:03:00.000Z,2781,93954.24982,95768.39247,92898.59309,94720.49802,40915232364,1880786784724,19856175,2025-04-25T23:59:59.999Z,,,
2025-04-24T00:00:00.000Z,2025-04-24T23:59:59.999Z,2025-04-24T23:35:00.000Z,2025-04-24T08:50:00.000Z,2781,93692.39595,94016.19443,91696.71411,93943.79342,31483175315,1865529089321,19855718,2025-04-24T23:59:59.999Z,,,
2025-04-23T00:00:00.000Z,2025-04-23T23:59:59.999Z,2025-04-23T13:39:00.000Z,2025-04-23T15:30:00.000Z,2781,93427.58581,94535.73207,91962.95818,93699.11318,41719568821,1860287631188,19855268,2025-04-23T23:59:59.999Z,,,
2025-04-22T00:00:00.000Z,2025-04-22T23:59:59.999Z,2025-04-22T23:39:00.000Z,2025-04-22T00:38:00.000Z,2781,87521.87117,93817.38379,87084.52941,93441.89335,55899038456,1854997709160,19854925,2025-04-22T23:59:59.999Z,,,
2025-04-21T00:00:00.000Z,2025-04-21T23:59:59.999Z,2025-04-21T14:32:00.000Z,2025-04-21T00:05:00.000Z,2781,85171.54275,88460.09617,85143.83771,87518.90503,41396190190,1737698002467,19854443,2025-04-21T23:59:59.999Z,,,
2025-04-20T00:00:00.000Z,2025-04-20T23:59:59.999Z,2025-04-20T02:06:00.000Z,2025-04-20T11:32:00.000Z,2781,85066.06887,85306.38126,83976.84585,85174.30163,14664050812,1690999727673,19854046,2025-04-20T23:59:59.999Z,,,
2025-04-19T00:00:00.000Z,2025-04-19T23:59:59.999Z,2025-04-19T15:33:00.000Z,2025-04-19T00:09:00.000Z,2781,84450.87033,85597.70374,84353.45782,85063.41306,15259300427,1688872213416,19853653,2025-04-19T23:59:59.999Z,,,
2025-04-18T00:00:00.000Z,2025-04-18T23:59:59.999Z,2025-04-18T01:31:00.000Z,2025-04-18T16:03:00.000Z,2781,84900.19136,85095.04944,84298.8832,84450.80708,12728372364,1676621539020,19853218,2025-04-18T23:59:59.999Z,,,
2025-04-17T00:00:00.000Z,2025-04-17T23:59:59.999Z,2025-04-17T18:26:00.000Z,2025-04-17T14:38:00.000Z,2781,84030.67293,85449.06766,83749.75302,84895.75144,21276866029,1685506773681,19852803,2025-04-17T23:59:59.999Z,,,
2025-04-16T00:00:00.000Z,2025-04-16T23:59:59.999Z,2025-04-16T17:23:00.000Z,2025-04-16T01:01:00.000Z,2781,83674.51108,85428.28241,83100.61793,84033.86542,29617804112,1668203892788,19852321,2025-04-16T23:59:59.999Z,,,
2025-04-15T00:00:00.000Z,2025-04-15T23:59:59.999Z,2025-04-15T13:53:00.000Z,2025-04-15T23:44:00.000Z,2781,84539.69278,86429.34848,83598.81842,83668.98933,28040322885,1661094846851,19851862,2025-04-15T23:59:59.999Z,,,
2025-04-14T00:00:00.000Z,2025-04-14T23:59:59.999Z,2025-04-14T14:54:00.000Z,2025-04-14T00:00:00.000Z,2781,83694.52327,85784.99773,83690.63695,84542.39128,34090769777,1678232271828,19851412,2025-04-14T23:59:59.999Z,,,
2025-04-13T00:00:00.000Z,2025-04-13T23:59:59.999Z,2025-04-13T01:32:00.000Z,2025-04-13T21:09:00.000Z,2781,85279.47053,86015.18585,83027.00426,83684.97903,28796984817,1661414206576,19850931,2025-04-13T23:59:59.999Z,,,
2025-04-12T00:00:00.000Z,2025-04-12T23:59:59.999Z,2025-04-12T20:45:00.000Z,2025-04-12T03:01:00.000Z,2781,83404.51699,85856.18787,82769.37789,85287.11328,24258059104,1692832369411,19850409,2025-04-12T23:59:59.999Z,,,
2025-04-11T00:00:00.000Z,2025-04-11T23:59:59.999Z,2025-04-11T21:24:00.000Z,2025-04-11T01:00:00.000Z,2781,79625.04814,84247.47365,78936.32057,83404.83981,41656778779,1655577243581,19849971,2025-04-11T23:59:59.999Z,,,
2025-04-10T00:00:00.000Z,2025-04-10T23:59:59.999Z,2025-04-10T00:08:00.000Z,2025-04-10T16:03:00.000Z,2781,82565.97445,82700.93206,78456.13375,79626.14144,44718000633,1580516596819,19849490,2025-04-10T23:59:59.999Z,,,
2025-04-09T00:00:00.000Z,2025-04-09T23:59:59.999Z,2025-04-09T21:25:00.000Z,2025-04-09T01:30:00.000Z,2781,76273.5617,83541.00025,74589.67271,82573.95113,84213627038,1638855824944,19849046,2025-04-09T23:59:59.999Z,,,
2025-04-08T00:00:00.000Z,2025-04-08T23:59:59.999Z,2025-04-08T02:14:00.000Z,2025-04-08T22:40:00.000Z,2781,79218.47386,80823.88812,76198.02228,76271.95017,48314590749,1513925781250,19848631,2025-04-08T23:59:59.999Z,,,
2025-04-07T00:00:00.000Z,2025-04-07T23:59:59.999Z,2025-04-07T14:19:00.000Z,2025-04-07T07:05:00.000Z,2781,78221.33313,81119.06442,74436.6791,79235.33313,91262424987,1572341577873,19848168,2025-04-07T23:59:59.999Z,,,
2025-04-06T00:00:00.000Z,2025-04-06T23:59:59.999Z,2025-04-06T01:32:00.000Z,2025-04-06T23:22:00.000Z,2781,83504.50712,83704.71779,77097.7409,78214.48082,36294853736,1552514022965,19847706,2025-04-06T23:59:59.999Z,,,
2025-04-05T00:00:00.000Z,2025-04-05T23:59:59.999Z,2025-04-05T01:29:00.000Z,2025-04-05T15:46:00.000Z,2781,83844.69966,84207.01936,82377.73586,83504.80017,14380803631,1657340895729,19847253,2025-04-05T23:59:59.999Z,,,
2025-04-04T00:00:00.000Z,2025-04-04T23:59:59.999Z,2025-04-04T09:58:00.000Z,2025-04-04T11:31:00.000Z,2781,83100.24744,84696.14626,81670.74877,83843.80487,45157640207,1664044793035,19846750,2025-04-04T23:59:59.999Z,,,
2025-04-03T00:00:00.000Z,2025-04-03T23:59:59.999Z,2025-04-03T01:52:00.000Z,2025-04-03T15:09:00.000Z,2781,82487.47642,83909.29837,81282.09786,83102.82821,36852112080,1649221222255,19846165,2025-04-03T23:59:59.999Z,,,
2025-04-02T00:00:00.000Z,2025-04-02T23:59:59.999Z,2025-04-02T20:18:00.000Z,2025-04-02T23:04:00.000Z,2781,85180.61304,88466.95696,82343.53911,82485.70837,47584398470,1637022453253,19845709,2025-04-02T23:59:59.999Z,,,
2025-04-01T00:00:00.000Z,2025-04-01T23:59:59.999Z,2025-04-01T16:03:00.000Z,2025-04-01T00:17:00.000Z,2781,82551.91873,85487.36612,82429.36199,85169.16959,28175650319,1690423576120,19845168,2025-04-01T23:59:59.999Z,,,
2025-03-31T00:00:00.000Z,2025-03-31T23:59:59.999Z,2025-03-31T15:26:00.000Z,2025-03-31T00:46:00.000Z,2781,82336.05935,83870.12135,81293.88856,82548.91096,29004228247,1638221363683,19844740,2025-03-31T23:59:59.999Z,,,
2025-03-30T00:00:00.000Z,2025-03-30T23:59:59.999Z,2025-03-30T10:12:00.000Z,2025-03-30T22:10:00.000Z,2781,82596.98323,83505.00293,81573.24707,82334.5227,14763760943,1633897839688,19844256,2025-03-30T23:59:59.999Z,,,
2025-03-29T00:00:00.000Z,2025-03-29T23:59:59.999Z,2025-03-29T00:38:00.000Z,2025-03-29T17:18:00.000Z,2781,84352.07273,84567.33215,81634.14131,82597.58434,16969396135,1639041071993,19843837,2025-03-29T23:59:59.999Z,,,
2025-03-28T00:00:00.000Z,2025-03-28T23:59:59.999Z,2025-03-28T01:45:00.000Z,2025-03-28T17:14:00.000Z,2781,87185.23468,87489.86121,83557.64246,84353.15101,34198619509,1673833438274,19843418,2025-03-28T23:59:59.999Z,,,
2025-03-27T00:00:00.000Z,2025-03-27T23:59:59.999Z,2025-03-27T02:50:00.000Z,2025-03-27T13:41:00.000Z,2781,86896.25488,87786.7234,85837.9337,87177.10211,24413471941,1730010857472,19842934,2025-03-27T23:59:59.999Z,,,
2025-03-26T00:00:00.000Z,2025-03-26T23:59:59.999Z,2025-03-26T07:48:00.000Z,2025-03-26T19:17:00.000Z,2781,87460.23667,88292.1569,85861.45539,86900.88554,26704046038,1724236156701,19842468,2025-03-26T23:59:59.999Z,,,
2025-03-25T00:00:00.000Z,2025-03-25T23:59:59.999Z,2025-03-25T20:12:00.000Z,2025-03-25T04:04:00.000Z,2781,87512.81944,88542.39467,86346.0789,87471.70305,30005840049,1735384354258,19841981,2025-03-25T23:59:59.999Z,,,
2025-03-24T00:00:00.000Z,2025-03-24T23:59:59.999Z,2025-03-24T14:22:00.000Z,2025-03-24T02:01:00.000Z,2781,86070.92811,88758.72964,85541.1981,87498.91241,34582604933,1736502001565,19841525,2025-03-24T23:59:59.999Z,,,
2025-03-23T00:00:00.000Z,2025-03-23T23:59:59.999Z,2025-03-23T23:59:00.000Z,2025-03-23T00:02:00.000Z,2781,83831.90051,86094.78008,83794.91066,86054.37186,12594615537,1707315972975,19841046,2025-03-23T23:59:59.999Z,,,
2025-03-22T00:00:00.000Z,2025-03-22T23:59:59.999Z,2025-03-22T09:45:00.000Z,2025-03-22T23:38:00.000Z,2781,84046.25829,84513.87242,83674.78082,83832.48755,9863214091,1663232978817,19840556,2025-03-22T23:59:59.999Z,,,
2025-03-21T00:00:00.000Z,2025-03-21T23:59:59.999Z,2025-03-21T02:03:00.000Z,2025-03-21T13:37:00.000Z,2781,84164.54252,84782.27165,83171.06972,84043.24518,19030452299,1667338686342,19840084,2025-03-21T23:59:59.999Z,,,
2025-03-20T00:00:00.000Z,2025-03-20T23:59:59.999Z,2025-03-20T00:11:00.000Z,2025-03-20T16:53:00.000Z,2781,86872.9533,87443.26777,83647.19397,84167.1934,29028988961,1669793971946,19839637,2025-03-20T23:59:59.999Z,,,
2025-03-19T00:00:00.000Z,2025-03-19T23:59:59.999Z,2025-03-19T23:44:00.000Z,2025-03-19T02:07:00.000Z,2781,82718.80426,87021.18581,82569.72689,86854.22596,34931960257,1723489026417,19839190,2025-03-19T23:59:59.999Z,,,
2025-03-18T00:00:00.000Z,2025-03-18T23:59:59.999Z,2025-03-18T00:00:00.000Z,2025-03-18T13:59:00.000Z,2781,84075.71567,84075.71567,81179.99016,82718.50232,24095774594,1641034534668,19838712,2025-03-18T23:59:59.999Z,,,
2025-03-17T00:00:00.000Z,2025-03-17T23:59:59.999Z,2025-03-17T19:48:00.000Z,2025-03-17T14:12:00.000Z,2781,82576.33428,84725.32598,82492.15254,84075.6887,25092785558,1667916832028,19838271,2025-03-17T23:59:59.999Z,,,
2025-03-16T00:00:00.000Z,2025-03-16T23:59:59.999Z,2025-03-16T16:10:00.000Z,2025-03-16T23:10:00.000Z,2781,84333.32162,85051.59849,82017.90471,82579.69089,21330270174,1638135611739,19837834,2025-03-16T23:59:59.999Z,,,
2025-03-15T00:00:00.000Z,2025-03-15T23:59:59.999Z,2025-03-15T03:35:00.000Z,2025-03-15T08:19:00.000Z,2781,83968.40595,84672.67216,83639.59486,84343.10846,13650491277,1673151454912,19837362,2025-03-15T23:59:59.999Z,,,
2025-03-14T00:00:00.000Z,2025-03-14T23:59:59.999Z,2025-03-14T15:43:00.000Z,2025-03-14T00:11:00.000Z,2781,81066.99338,85263.28986,80797.56259,83969.09972,29588112414,1665855004855,19836950,2025-03-14T23:59:59.999Z,,,
2025-03-13T00:00:00.000Z,2025-03-13T23:59:59.999Z,2025-03-13T02:08:00.000Z,2025-03-13T17:50:00.000Z,2781,83724.9196,84301.69191,79931.85324,81066.70137,31412940153,1608729406184,19836521,2025-03-13T23:59:59.999Z,,,
2025-03-12T00:00:00.000Z,2025-03-12T23:59:59.999Z,2025-03-12T12:31:00.000Z,2025-03-12T15:09:00.000Z,2781,82857.37837,84358.57746,80635.24923,83722.36195,40353484454,1660115020073,19836021,2025-03-12T23:59:59.999Z,,,
2025-03-11T00:00:00.000Z,2025-03-11T23:59:59.999Z,2025-03-11T19:09:00.000Z,2025-03-11T00:52:00.000Z,2781,78523.87154,83577.75596,76624.25249,82862.20818,54702837196,1643251488719,19835556,2025-03-11T23:59:59.999Z,,,
2025-03-10T00:00:00.000Z,2025-03-10T23:59:59.999Z,2025-03-10T09:25:00.000Z,2025-03-10T19:05:00.000Z,2781,80597.14978,83955.92625,77420.59219,78532.00181,54061099422,1558443889891,19835125,2025-03-10T23:59:59.999Z,,,
2025-03-09T00:00:00.000Z,2025-03-09T23:59:59.999Z,2025-03-09T01:02:00.000Z,2025-03-09T23:08:00.000Z,2781,86154.30589,86471.13016,80052.48698,80601.04131,30899345977,1598204838669,19834650,2025-03-09T23:59:59.999Z,,,
2025-03-08T00:00:00.000Z,2025-03-08T23:59:59.999Z,2025-03-08T00:54:00.000Z,2025-03-08T01:35:00.000Z,2781,86742.65299,86847.26759,85247.48419,86154.59321,18206118081,1708770969531,19834137,2025-03-08T23:59:59.999Z,,,
2025-03-07T00:00:00.000Z,2025-03-07T23:59:59.999Z,2025-03-07T00:14:00.000Z,2025-03-07T00:56:00.000Z,2781,89963.283,91191.04963,84717.67967,86742.67562,65945677657,1720278292433,19833703,2025-03-07T23:59:59.999Z,,,
2025-03-06T00:00:00.000Z,2025-03-06T23:59:59.999Z,2025-03-06T05:59:00.000Z,2025-03-06T19:32:00.000Z,2781,90622.36116,92804.93983,87852.13848,89961.72724,47749810486,1783797293239,19833259,2025-03-06T23:59:59.999Z,,,
2025-03-05T00:00:00.000Z,2025-03-05T23:59:59.999Z,2025-03-05T23:46:00.000Z,2025-03-05T00:44:00.000Z,2781,87222.95487,90998.23954,86379.77304,90623.56184,50498988027,1797288639505,19832728,2025-03-05T23:59:59.999Z,,,
2025-03-04T00:00:00.000Z,2025-03-04T23:59:59.999Z,2025-03-04T21:30:00.000Z,2025-03-04T15:22:00.000Z,2781,86064.06666,88911.27408,81529.23983,87222.19221,68095241474,1729669520137,19832315,2025-03-04T23:59:59.999Z,,,
2025-03-03T00:00:00.000Z,2025-03-03T23:59:59.999Z,2025-03-03T00:02:00.000Z,2025-03-03T22:00:00.000Z,2781,94248.4215,94429.74782,85081.30493,86065.66833,70072228536,1707124824346,19831881,2025-03-03T23:59:59.999Z,,,
2025-03-02T00:00:00.000Z,2025-03-02T23:59:59.999Z,2025-03-02T17:48:00.000Z,2025-03-02T14:50:00.000Z,2781,86036.25755,95043.4352,85040.21116,94248.35053,58398341092,1869318230178,19831393,2025-03-02T23:59:59.999Z,,,
2025-03-01T00:00:00.000Z,2025-03-01T23:59:59.999Z,2025-03-01T04:44:00.000Z,2025-03-01T00:58:00.000Z,2781,84373.86437,86522.30235,83794.23249,86031.9124,29190628396,1706160579762,19830968,2025-03-01T23:59:59.999Z,,,
2025-02-28T00:00:00.000Z,2025-02-28T23:59:59.999Z,2025-02-28T18:53:00.000Z,2025-02-28T08:47:00.000Z,2781,84705.62848,85036.32223,78248.9161,84373.01033,83610570576,1673219380516,19830562,2025-02-28T23:59:59.999Z,,,
2025-02-27T00:00:00.000Z,2025-02-27T23:59:59.999Z,2025-02-27T11:00:00.000Z,2025-02-27T21:08:00.000Z,2781,84076.86191,87000.78102,83144.95905,84704.22458,52659591954,1679717102161,19830053,2025-02-27T23:59:59.999Z,,,
2025-02-26T00:00:00.000Z,2025-02-26T23:59:59.999Z,2025-02-26T03:20:00.000Z,2025-02-26T20:21:00.000Z,2781,88638.89346,89286.25192,82131.90136,84347.01972,64597492134,1671143630992,19829568,2025-02-26T23:59:59.999Z,,,
2025-02-25T00:00:00.000Z,2025-02-25T23:59:59.999Z,2025-02-25T03:52:00.000Z,2025-02-25T15:37:00.000Z,2781,91437.11401,92511.07974,86008.23491,88736.17344,92139104128,1759577092443,19829081,2025-02-25T23:59:59.999Z,,,
2025-02-24T00:00:00.000Z,2025-02-24T23:59:59.999Z,2025-02-24T00:12:00.000Z,2025-02-24T23:59:00.000Z,2781,96277.96379,96503.45443,91371.74071,91418.17367,44046480529,1812835768649,19828634,2025-02-24T23:59:59.999Z,,,
2025-02-23T00:00:00.000Z,2025-02-23T23:59:59.999Z,2025-02-23T01:00:00.000Z,2025-02-23T17:33:00.000Z,2781,96577.80308,96671.87429,95270.45281,96273.91975,16999478976,1909022572746,19828240,2025-02-23T23:59:59.999Z,,,
2025-02-22T00:00:00.000Z,2025-02-22T23:59:59.999Z,2025-02-22T12:56:00.000Z,2025-02-22T00:33:00.000Z,2781,96134.20191,96950.15938,95765.34039,96577.76155,18353824477,1914928937300,19827837,2025-02-22T23:59:59.999Z,,,
2025-02-21T00:00:00.000Z,2025-02-21T23:59:59.999Z,2025-02-21T13:48:00.000Z,2025-02-21T21:00:00.000Z,2781,98340.67004,99497.96677,94852.95862,96125.54405,49608706470,1905832099166,19827384,2025-02-21T23:59:59.999Z,,,
2025-02-20T00:00:00.000Z,2025-02-20T23:59:59.999Z,2025-02-20T20:26:00.000Z,2025-02-20T00:39:00.000Z,2781,96632.67919,98767.19374,96442.67072,98333.93783,31668022771,1949797317941,19826968,2025-02-20T23:59:59.999Z,,,
2025-02-19T00:00:00.000Z,2025-02-19T23:59:59.999Z,2025-02-19T23:03:00.000Z,2025-02-19T01:27:00.000Z,2781,95532.53215,96855.59722,95011.96908,96635.61321,28990872862,1915897477170,19826600,2025-02-19T23:59:59.999Z,,,
2025-02-18T00:00:00.000Z,2025-02-18T23:59:59.999Z,2025-02-18T14:26:00.000Z,2025-02-18T19:14:00.000Z,2781,95773.81624,96695.3784,93388.8322,95539.5436,37325720482,1894092344725,19826200,2025-02-18T23:59:59.999Z,,,
2025-02-17T00:00:00.000Z,2025-02-17T23:59:59.999Z,2025-02-17T14:18:00.000Z,2025-02-17T19:21:00.000Z,2781,96179.00457,97032.23825,95243.54319,95773.38419,27336550690,1898793608529,19825753,2025-02-17T23:59:59.999Z,,,
2025-02-16T00:00:00.000Z,2025-02-16T23:59:59.999Z,2025-02-16T00:39:00.000Z,2025-02-16T23:43:00.000Z,2781,97580.49058,97725.5973,96060.97975,96175.03204,16536755396,1906779638967,19825321,2025-02-16T23:59:59.999Z,,,
2025-02-15T00:00:00.000Z,2025-02-15T23:59:59.999Z,2025-02-15T03:13:00.000Z,2025-02-15T00:33:00.000Z,2781,97508.38277,97975.03725,97240.19712,97580.34938,17047266288,1934520637925,19824871,2025-02-15T23:59:59.999Z,,,
2025-02-14T00:00:00.000Z,2025-02-14T23:59:59.999Z,2025-02-14T17:58:00.000Z,2025-02-14T15:19:00.000Z,2781,96623.37087,98819.46896,96342.80603,97508.9699,32697987277,1932948924496,19824362,2025-02-14T23:59:59.999Z,,,
2025-02-13T00:00:00.000Z,2025-02-13T23:59:59.999Z,2025-02-13T01:55:00.000Z,2025-02-13T16:58:00.000Z,2781,97888.74649,98111.08742,95269.7079,96623.86901,37147280860,1915447210573,19823850,2025-02-13T23:59:59.999Z,,,
2025-02-12T00:00:00.000Z,2025-02-12T23:59:59.999Z,2025-02-12T22:40:00.000Z,2025-02-12T13:42:00.000Z,2781,95745.69446,98151.02693,94101.20333,97885.86306,49340445530,1940242365477,19823400,2025-02-12T23:59:59.999Z,,,
2025-02-11T00:00:00.000Z,2025-02-11T23:59:59.999Z,2025-02-11T05:57:00.000Z,2025-02-11T19:42:00.000Z,2781,97438.13121,98492.90128,94875.03885,95747.43113,37488783272,1897964794815,19822978,2025-02-11T23:59:59.999Z,,,
2025-02-10T00:00:00.000Z,2025-02-10T23:59:59.999Z,2025-02-10T14:01:00.000Z,2025-02-10T01:46:00.000Z,2781,96499.46209,98333.22007,95320.84203,97437.55726,40078962391,1931740792091,19822606,2025-02-10T23:59:59.999Z,,,
2025-02-09T00:00:00.000Z,2025-02-09T23:59:59.999Z,2025-02-09T04:01:00.000Z,2025-02-09T21:54:00.000Z,2781,96481.31526,97325.28204,94745.26123,96500.09479,27732901800,1912827391516,19822156,2025-02-09T23:59:59.999Z,,,
2025-02-08T00:00:00.000Z,2025-02-08T23:59:59.999Z,2025-02-08T03:09:00.000Z,2025-02-08T15:31:00.000Z,2781,96533.26084,96877.80734,95702.49237,96482.44987,22447526395,1912426186152,19821700,2025-02-08T23:59:59.999Z,,,
2025-02-07T00:00:00.000Z,2025-02-07T23:59:59.999Z,2025-02-07T14:51:00.000Z,2025-02-07T22:34:00.000Z,2781,96581.31729,100154.1433,95653.88665,96529.08249,55741290456,1913405359443,19821203,2025-02-07T23:59:59.999Z,,,
2025-02-06T00:00:00.000Z,2025-02-06T23:59:59.999Z,2025-02-06T11:51:00.000Z,2025-02-06T19:50:00.000Z,2781,96610.64023,99168.60601,95707.34992,96593.30033,45302471947,1914349686278,19820662,2025-02-06T23:59:59.999Z,,,
2025-02-05T00:00:00.000Z,2025-02-05T23:59:59.999Z,2025-02-05T14:43:00.000Z,2025-02-05T23:34:00.000Z,2781,97878.00975,99113.20783,96174.82556,96615.44454,49125911241,1915013611807,19820193,2025-02-05T23:59:59.999Z,,,
2025-02-04T00:00:00.000Z,2025-02-04T23:59:59.999Z,2025-02-04T00:18:00.000Z,2025-02-04T22:14:00.000Z,2781,101398.717,101745.6133,96208.10655,97871.81783,73002130211,1939247972760,19819781,2025-02-04T23:59:59.999Z,,,
2025-02-03T00:00:00.000Z,2025-02-03T23:59:59.999Z,2025-02-03T22:10:00.000Z,2025-02-03T02:09:00.000Z,2781,97681.10326,102514.1747,91242.8926,101405.4231,115400897748,2009571185331,19819343,2025-02-03T23:59:59.999Z,,,
2025-02-02T00:00:00.000Z,2025-02-02T23:59:59.999Z,2025-02-02T01:22:00.000Z,2025-02-02T22:42:00.000Z,2781,100661.5364,101430.6658,96216.07781,97688.9793,63091816853,1935746524005,19818878,2025-02-02T23:59:59.999Z,,,
2025-02-01T00:00:00.000Z,2025-02-01T23:59:59.999Z,2025-02-01T01:46:00.000Z,2025-02-01T23:25:00.000Z,2781,102402.7981,102755.726,100297.7092,100655.9057,27757944848,1994943345106,19818328,2025-02-01T23:59:59.999Z,,,
2025-01-31T00:00:00.000Z,2025-01-31T23:59:59.999Z,2025-01-31T15:56:00.000Z,2025-01-31T21:32:00.000Z,2781,104737.5622,106026.3503,101543.8829,102405.0271,45732764360,2029428972448,19817771,2025-01-31T23:59:59.999Z,,,
2025-01-30T00:00:00.000Z,2025-01-30T23:59:59.999Z,2025-01-30T15:13:00.000Z,2025-01-30T00:32:00.000Z,2781,103709.3388,106418.7667,103321.6451,104735.3028,41915744521,2075653153143,19817375,2025-01-30T23:59:59.999Z,,,
2025-01-29T00:00:00.000Z,2025-01-29T23:59:59.999Z,2025-01-29T20:34:00.000Z,2025-01-29T00:01:00.000Z,2781,101317.5273,104750.8072,101283.8227,103703.2112,47432049818,2055183543946,19816921,2025-01-29T23:59:59.999Z,,,
2025-01-28T00:00:00.000Z,2025-01-28T23:59:59.999Z,2025-01-28T15:32:00.000Z,2025-01-28T22:01:00.000Z,2781,102095.4176,103730.8211,100238.1881,101332.4762,47180685494,2007518100050,19816309,2025-01-28T23:59:59.999Z,,,
2025-01-27T00:00:00.000Z,2025-01-27T23:59:59.999Z,2025-01-27T00:11:00.000Z,2025-01-27T07:31:00.000Z,2781,102680.3036,103214.1105,97795.9361,102087.6913,89006608428,2023052943646,19815946,2025-01-27T23:59:59.999Z,,,
2025-01-26T00:00:00.000Z,2025-01-26T23:59:59.999Z,2025-01-26T04:27:00.000Z,2025-01-26T23:56:00.000Z,2781,104713.2132,105438.6445,102507.7117,102682.497,22543395879,2034705019961,19815500,2025-01-26T23:59:59.999Z,,,
2025-01-25T00:00:00.000Z,2025-01-25T23:59:59.999Z,2025-01-25T18:33:00.000Z,2025-01-25T10:10:00.000Z,2781,104824.0337,105243.7906,104120.3768,104714.6454,23888996502,2074559479002,19815040,2025-01-25T23:59:59.999Z,,,
2025-01-24T00:00:00.000Z,2025-01-24T23:59:59.999Z,2025-01-24T18:29:00.000Z,2025-01-24T03:26:00.000Z,2781,103965.6697,107098.5452,102772.1242,104819.4845,52388229265,2076961712719,19814653,2025-01-24T23:59:59.999Z,,,
2025-01-23T00:00:00.000Z,2025-01-23T23:59:59.999Z,2025-01-23T16:16:00.000Z,2025-01-23T10:45:00.000Z,2781,103657.6746,106820.3288,101257.8032,103960.1716,104104515428,2059818861177,19814234,2025-01-23T23:59:59.999Z,,,
2025-01-22T00:00:00.000Z,2025-01-22T23:59:59.999Z,2025-01-22T01:07:00.000Z,2025-01-22T16:46:00.000Z,2781,106136.3833,106294.3401,103360.2693,103653.0692,53878181052,2053851084718,19813787,2025-01-22T23:59:59.999Z,,,
2025-01-21T00:00:00.000Z,2025-01-21T23:59:59.999Z,2025-01-21T18:41:00.000Z,2025-01-21T01:31:00.000Z,2781,102052.5753,107180.9249,100103.9558,106146.263,88733878242,2102915931217,19813337,2025-01-21T23:59:59.999Z,,,
2025-01-20T00:00:00.000Z,2025-01-20T23:59:59.999Z,2025-01-20T06:56:00.000Z,2025-01-20T00:42:00.000Z,2781,101083.7535,109114.8848,99471.35894,102016.6623,126279678351,2021959305141,19812918,2025-01-20T23:59:59.999Z,,,
2025-01-19T00:00:00.000Z,2025-01-19T23:59:59.999Z,2025-01-19T21:00:00.000Z,2025-01-19T23:41:00.000Z,2781,104411.2868,106299.7985,99570.53118,101089.6065,76789928525,2002715800503,19812440,2025-01-19T23:59:59.999Z,,,
2025-01-18T00:00:00.000Z,2025-01-18T23:59:59.999Z,2025-01-18T15:55:00.000Z,2025-01-18T08:11:00.000Z,2781,104124.9546,104913.2062,102226.6203,104408.0673,50445655726,2068581942438,19811965,2025-01-18T23:59:59.999Z,,,
2025-01-17T00:00:00.000Z,2025-01-17T23:59:59.999Z,2025-01-17T20:01:00.000Z,2025-01-17T00:04:00.000Z,2781,100025.7651,105884.2304,99948.90506,104462.0426,71888972663,2069344681720,19811553,2025-01-17T23:59:59.999Z,,,
2025-01-16T00:00:00.000Z,2025-01-16T23:59:59.999Z,2025-01-16T00:03:00.000Z,2025-01-16T15:03:00.000Z,2781,100505.2987,100781.5891,97364.44308,99756.9091,54103781805,1975939538074,19811084,2025-01-16T23:59:59.999Z,,,
2025-01-15T00:00:00.000Z,2025-01-15T23:59:59.999Z,2025-01-15T20:22:00.000Z,2025-01-15T00:05:00.000Z,2781,96534.04597,100697.2344,96501.64439,100504.4934,57805923627,1991112409561,19810678,2025-01-15T23:59:59.999Z,,,
2025-01-14T00:00:00.000Z,2025-01-14T23:59:59.999Z,2025-01-14T09:54:00.000Z,2025-01-14T00:46:00.000Z,2781,94519.00714,97352.66475,94322.1545,96534.04421,53769675818,1912474167257,19810240,2025-01-14T23:59:59.999Z,,,
2025-01-13T00:00:00.000Z,2025-01-13T23:59:59.999Z,2025-01-13T00:38:00.000Z,2025-01-13T14:37:00.000Z,2781,94488.89217,95837.00023,89260.10019,94516.52563,72978998252,1872375406198,19809512,2025-01-13T23:59:59.999Z,,,
2025-01-12T00:00:00.000Z,2025-01-12T23:59:59.999Z,2025-01-12T15:23:00.000Z,2025-01-12T09:50:00.000Z,2781,94565.72583,95367.5363,93712.51167,94488.44106,20885130965,1871766465336,19809381,2025-01-12T23:59:59.999Z,,,
2025-01-11T00:00:00.000Z,2025-01-11T23:59:59.999Z,2025-01-11T21:56:00.000Z,2025-01-11T04:38:00.000Z,2781,94700.83805,94977.68766,93840.04352,94566.59368,18860894100,1873237899879,19808846,2025-01-11T23:59:59.999Z,,,
2025-01-10T00:00:00.000Z,2025-01-10T23:59:59.999Z,2025-01-10T17:59:00.000Z,2025-01-10T15:15:00.000Z,2781,92494.49151,95770.6116,92250.09274,94701.45646,62058693684,1875885466613,19808412,2025-01-10T23:59:59.999Z,,,
2025-01-09T00:00:00.000Z,2025-01-09T23:59:59.999Z,2025-01-09T01:25:00.000Z,2025-01-09T20:23:00.000Z,2781,95043.48764,95349.72146,91220.84226,92484.03697,62777261693,1832169140188,19807962,2025-01-09T23:59:59.999Z,,,
2025-01-08T00:00:00.000Z,2025-01-08T23:59:59.999Z,2025-01-08T01:00:00.000Z,2025-01-08T17:32:00.000Z,2781,96924.16497,97258.32175,92525.84456,95043.52346,63875859171,1882572360733,19807484,2025-01-08T23:59:59.999Z,,,
2025-01-07T00:00:00.000Z,2025-01-07T23:59:59.999Z,2025-01-07T00:37:00.000Z,2025-01-07T20:25:00.000Z,2781,102248.8525,102712.4857,96132.8747,96922.70528,58685738547,1919787500379,19807109,2025-01-07T23:59:59.999Z,,,
2025-01-06T00:00:00.000Z,2025-01-06T23:59:59.999Z,2025-01-06T16:30:00.000Z,2025-01-06T01:22:00.000Z,2781,98314.95696,102482.8739,97926.14852,102078.0856,51823432705,2021809968109,19806665,2025-01-06T23:59:59.999Z,,,
2025-01-05T00:00:00.000Z,2025-01-05T23:59:59.999Z,2025-01-05T23:03:00.000Z,2025-01-05T14:21:00.000Z,2781,98233.90578,98813.30855,97291.76461,98314.95944,20525254825,1947189546144,19806271,2025-01-05T23:59:59.999Z,,,
2025-01-04T00:00:00.000Z,2025-01-04T23:59:59.999Z,2025-01-04T21:06:00.000Z,2025-01-04T15:51:00.000Z,2781,98106.99355,98734.42818,97562.97597,98236.22909,22342608078,1945654462825,19805771,2025-01-04T23:59:59.999Z,,,
2025-01-03T00:00:00.000Z,2025-01-03T23:59:59.999Z,2025-01-03T19:22:00.000Z,2025-01-03T08:37:00.000Z,2781,96881.72902,98956.91704,96034.61406,98107.42876,35611391163,1943222658412,19805312,2025-01-03T23:59:59.999Z,,,
2025-01-02T00:00:00.000Z,2025-01-02T23:59:59.999Z,2025-01-02T20:25:00.000Z,2025-01-02T00:19:00.000Z,2781,94416.28655,97739.81684,94201.57042,96886.87827,46009564411,1918730145567,19804871,2025-01-02T23:59:59.999Z,,,
2025-01-01T00:00:00.000Z,2025-01-01T23:59:59.999Z,2025-01-01T21:25:00.000Z,2025-01-01T09:28:00.000Z,2781,93425.10214,94929.86481,92788.12788,94419.75751,24519888919,1869850163161,19804318,2025-01-01T23:59:59.999Z,,,
2024-12-31T00:00:00.000Z,2024-12-31T23:59:59.999Z,2024-12-31T14:35:00.000Z,2024-12-31T01:32:00.000Z,2781,92643.25122,96090.60379,91914.02778,93429.20281,43625106843,1850183342119,19803921,2024-12-31T23:59:59.999Z,,,
2024-12-30T00:00:00.000Z,2024-12-30T23:59:59.999Z,2024-12-30T20:25:00.000Z,2024-12-30T15:11:00.000Z,2781,93527.1975,94903.3239,91317.13546,92643.2146,56188003691,1834643033989,19803490,2024-12-30T23:59:59.999Z,,,
2024-12-29T00:00:00.000Z,2024-12-29T23:59:59.999Z,2024-12-29T00:00:00.000Z,2024-12-29T23:12:00.000Z,2781,95174.05512,95174.8784,92881.79187,93530.22844,29635885267,1852119372624,19803003,2024-12-29T23:59:59.999Z,,,
2024-12-28T00:00:00.000Z,2024-12-28T23:59:59.999Z,2024-12-28T22:53:00.000Z,2024-12-28T01:27:00.000Z,2781,94160.18622,95525.89852,94014.2865,95163.93193,24107436185,1884684226460,19802500,2024-12-28T23:59:59.999Z,,,
2024-12-27T00:00:00.000Z,2024-12-27T23:59:59.999Z,2024-12-27T09:07:00.000Z,2024-12-27T17:25:00.000Z,2781,95704.97459,97294.84642,93310.7438,94164.86035,52419934565,1864541907464,19802078,2024-12-27T23:59:59.999Z,,,
2024-12-26T00:00:00.000Z,2024-12-26T23:59:59.999Z,2024-12-26T00:11:00.000Z,2024-12-26T10:15:00.000Z,2781,99297.69701,99884.57217,95137.8853,95795.5166,47054980873,1896937576269,19801578,2024-12-26T23:59:59.999Z,,,
2024-12-25T00:00:00.000Z,2024-12-25T23:59:59.999Z,2024-12-25T23:57:00.000Z,2024-12-25T12:03:00.000Z,2781,98675.91086,99478.74902,97593.47017,99299.19275,33700394629,1966210082591,19801165,2024-12-25T23:59:59.999Z,,,
2024-12-24T00:00:00.000Z,2024-12-24T23:59:59.999Z,2024-12-24T18:18:00.000Z,2024-12-24T02:22:00.000Z,2781,94684.34755,99404.06132,93448.01394,98676.0974,47114953674,1953851713517,19800696,2024-12-24T23:59:59.999Z,,,
2024-12-23T00:00:00.000Z,2024-12-23T23:59:59.999Z,2024-12-23T11:03:00.000Z,2024-12-23T20:17:00.000Z,2781,95099.39195,96416.21393,92403.13138,94686.23944,65239002919,1875314065985,19800271,2024-12-23T23:59:59.999Z,,,
2024-12-22T00:00:00.000Z,2024-12-22T23:59:59.999Z,2024-12-22T00:40:00.000Z,2024-12-22T22:11:00.000Z,2781,97218.31827,97360.2647,94202.18625,95104.93437,43147981314,1882953315399,19799846,2024-12-22T23:59:59.999Z,,,
2024-12-21T00:00:00.000Z,2024-12-21T23:59:59.999Z,2024-12-21T07:44:00.000Z,2024-12-21T13:34:00.000Z,2781,97756.1922,99507.09859,96426.52074,97224.72634,51765334294,1924861940276,19799375,2024-12-21T23:59:59.999Z,,,
2024-12-20T00:00:00.000Z,2024-12-20T23:59:59.999Z,2024-12-20T07:13:00.000Z,2024-12-20T12:18:00.000Z,2781,97484.69731,98098.91131,92175.18045,97755.93016,105634083408,1935459460469,19798890,2024-12-20T23:59:59.999Z,,,
2024-12-19T00:00:00.000Z,2024-12-19T23:59:59.999Z,2024-12-19T14:36:00.000Z,2024-12-19T20:14:00.000Z,2781,100070.6874,102748.1508,95587.6815,97490.94998,97221662392,1930044053238,19798431,2024-12-19T23:59:59.999Z,,,
2024-12-18T00:00:00.000Z,2024-12-18T23:59:59.999Z,2024-12-18T00:19:00.000Z,2024-12-18T23:59:00.000Z,2781,106147.2953,106470.6064,100041.5427,100041.5427,93865656139,1982994456166,19797971,2024-12-18T23:59:59.999Z,,,
2024-12-17T00:00:00.000Z,2024-12-17T23:59:59.999Z,2024-12-17T14:59:00.000Z,2024-12-17T22:47:00.000Z,2781,106030.6906,108268.4471,105291.7379,106140.5982,68589364868,2101344621530,19797515,2024-12-17T23:59:59.999Z,,,
2024-12-16T00:00:00.000Z,2024-12-16T23:59:59.999Z,2024-12-16T18:31:00.000Z,2024-12-16T12:51:00.000Z,2781,104293.5765,107780.5796,103322.9828,106029.7206,91020417816,2099101774990,19797115,2024-12-16T23:59:59.999Z,,,
2024-12-15T00:00:00.000Z,2024-12-15T23:59:59.999Z,2024-12-15T23:28:00.000Z,2024-12-15T00:42:00.000Z,2781,101373.533,105047.5419,101227.0278,104298.6958,51145914137,2065144333081,19796621,2024-12-15T23:59:59.999Z,,,
2024-12-14T00:00:00.000Z,2024-12-14T23:59:59.999Z,2024-12-14T01:29:00.000Z,2024-12-14T20:54:00.000Z,2781,101451.44,102618.8846,100634.0575,101372.9661,40422968793,2006808502978,19796178,2024-12-14T23:59:59.999Z,,,
2024-12-13T00:00:00.000Z,2024-12-13T23:59:59.999Z,2024-12-13T20:46:00.000Z,2024-12-13T01:54:00.000Z,2781,100046.6505,101888.8084,99233.27805,101459.2544,56894751583,2008423637064,19795587,2024-12-13T23:59:59.999Z,,,
2024-12-12T00:00:00.000Z,2024-12-12T23:59:59.999Z,2024-12-12T16:17:00.000Z,2024-12-12T19:48:00.000Z,2781,101167.807,102524.9103,99339.94993,100042.9979,72073983533,1980440555379,19795171,2024-12-12T23:59:59.999Z,,,
2024-12-11T00:00:00.000Z,2024-12-11T23:59:59.999Z,2024-12-11T22:12:00.000Z,2024-12-11T02:00:00.000Z,2781,96656.06162,101913.3625,95747.22887,101173.0326,85391409936,2002682634623,19794440,2024-12-11T23:59:59.999Z,,,
2024-12-10T00:00:00.000Z,2024-12-10T23:59:59.999Z,2024-12-10T14:49:00.000Z,2024-12-10T18:13:00.000Z,2781,97441.23447,98270.15277,94321.25879,96675.43354,104823780634,1913235117589,19794259,2024-12-10T23:59:59.999Z,,,
2024-12-09T00:00:00.000Z,2024-12-09T23:59:59.999Z,2024-12-09T00:02:00.000Z,2024-12-09T21:06:00.000Z,2781,101237.0615,101272.5042,94355.91104,97432.72126,110676473908,1928513648652,19791556,2024-12-09T23:59:59.999Z,,,
2024-12-08T00:00:00.000Z,2024-12-08T23:59:59.999Z,2024-12-08T23:57:00.000Z,2024-12-08T09:56:00.000Z,2781,99921.9168,101399.9887,98771.51417,101236.0131,44125751925,2003538950158,19790568,2024-12-08T23:59:59.999Z,,,
2024-12-07T00:00:00.000Z,2024-12-07T23:59:59.999Z,2024-12-07T01:05:00.000Z,2024-12-07T05:46:00.000Z,2781,99916.71446,100563.3798,99030.88649,99923.33662,44177510897,1977521445640,19790568,2024-12-07T23:59:59.999Z,,,
2024-12-06T00:00:00.000Z,2024-12-06T23:59:59.999Z,2024-12-06T20:43:00.000Z,2024-12-06T00:07:00.000Z,2781,97074.22483,102039.8818,96514.87608,99920.71473,94534772658,1977630964721,19790568,2024-12-06T23:59:59.999Z,,,
2024-12-05T00:00:00.000Z,2024-12-05T23:59:59.999Z,2024-12-05T03:09:00.000Z,2024-12-05T22:29:00.000Z,2781,98741.53938,103900.4721,91998.7817,96593.57227,149218945580,1911777565577,19790568,2024-12-05T23:59:59.999Z,,,
2024-12-04T00:00:00.000Z,2024-12-04T23:59:59.999Z,2024-12-04T20:52:00.000Z,2024-12-04T16:53:00.000Z,2781,95988.52871,99207.32507,94660.52325,98768.52756,77199817112,1954156097012,19790568,2024-12-04T23:59:59.999Z,,,
2024-12-03T00:00:00.000Z,2024-12-03T23:59:59.999Z,2024-12-03T02:42:00.000Z,2024-12-03T14:36:00.000Z,2781,95854.59743,96297.20006,93629.55989,96002.16214,67067810961,1899532461067,19790568,2024-12-03T23:59:59.999Z,,,
2024-12-02T00:00:00.000Z,2024-12-02T23:59:59.999Z,2024-12-02T01:32:00.000Z,2024-12-02T18:00:00.000Z,2781,97276.01012,98152.59825,94482.86334,95865.30163,72680784305,1896994040043,19790515,2024-12-02T23:59:59.999Z,,,
2024-12-01T00:00:00.000Z,2024-12-01T23:59:59.999Z,2024-12-01T22:01:00.000Z,2024-12-01T02:59:00.000Z,2781,96461.3368,97888.12727,95770.18447,97279.79292,36590695296,1924784957144,19790100,2024-12-01T23:59:59.999Z,,,
2024-11-30T00:00:00.000Z,2024-11-30T23:59:59.999Z,2024-11-30T00:00:00.000Z,2024-11-30T11:01:00.000Z,2781,97468.81245,97499.3424,96144.21983,96449.05581,31634227866,1908652965665,19789534,2024-11-30T23:59:59.999Z,,,
2024-11-29T00:00:00.000Z,2024-11-29T23:59:59.999Z,2024-11-29T15:21:00.000Z,2024-11-29T00:54:00.000Z,2781,95653.95259,98693.16817,95407.88637,97461.52371,54968682476,1928820661174,19789106,2024-11-29T23:59:59.999Z,,,
2024-11-28T00:00:00.000Z,2024-11-28T23:59:59.999Z,2024-11-28T01:01:00.000Z,2024-11-28T10:10:00.000Z,2781,95954.94488,96650.20377,94677.3543,95652.46516,52260008261,1892868519536,19788712,2024-11-28T23:59:59.999Z,,,
2024-11-27T00:00:00.000Z,2024-11-27T23:59:59.999Z,2024-11-27T20:31:00.000Z,2024-11-27T00:47:00.000Z,2781,91978.13858,97361.18194,91778.66121,95962.52842,71133452438,1898774680758,19788190,2024-11-27T23:59:59.999Z,,,
2024-11-26T00:00:00.000Z,2024-11-26T23:59:59.999Z,2024-11-26T06:28:00.000Z,2024-11-26T20:40:00.000Z,2781,93087.27999,94991.74997,90770.81504,91985.31683,91656519855,1820053564596,19787893,2024-11-26T23:59:59.999Z,,,
2024-11-25T00:00:00.000Z,2024-11-25T23:59:59.999Z,2024-11-25T09:23:00.000Z,2024-11-25T22:40:00.000Z,2781,98033.4427,98935.03181,92642.91486,93102.29521,80909462490,1842257290731,19787453,2024-11-25T23:59:59.999Z,,,
2024-11-24T00:00:00.000Z,2024-11-24T23:59:59.999Z,2024-11-24T02:45:00.000Z,2024-11-24T17:48:00.000Z,2781,97778.09736,98647.17758,95788.077,98013.82091,51712020623,1937919789263,19786912,2024-11-24T23:59:59.999Z,,,
2024-11-23T00:00:00.000Z,2024-11-23T23:59:59.999Z,2024-11-23T00:30:00.000Z,2024-11-23T20:30:00.000Z,2781,99006.74227,99014.67786,97232.89312,97777.27976,44414644677,1934627418210,19786484,2024-11-23T23:59:59.999Z,,,
2024-11-22T00:00:00.000Z,2024-11-22T23:59:59.999Z,2024-11-22T19:38:00.000Z,2024-11-22T14:58:00.000Z,2781,98496.42949,99655.50108,97222.66704,98997.66208,78473580551,1958954432127,19786071,2024-11-22T23:59:59.999Z,,,
2024-11-21T00:00:00.000Z,2024-11-21T23:59:59.999Z,2024-11-21T19:18:00.000Z,2024-11-21T02:39:00.000Z,2781,94334.64328,99014.21491,94132.60097,98504.72759,106024505582,1948797365353,19785615,2024-11-21T23:59:59.999Z,,,
2024-11-20T00:00:00.000Z,2024-11-20T23:59:59.999Z,2024-11-20T15:40:00.000Z,2024-11-20T03:06:00.000Z,2781,92341.89416,94902.02358,91619.4964,94339.49503,71730956426,1866427425876,19785175,2024-11-20T23:59:59.999Z,,,
2024-11-19T00:00:00.000Z,2024-11-19T23:59:59.999Z,2024-11-19T19:15:00.000Z,2024-11-19T00:03:00.000Z,2781,90536.81153,94002.87011,90426.98538,92343.79205,74521048295,1826956673335,19784700,2024-11-19T23:59:59.999Z,,,
2024-11-18T00:00:00.000Z,2024-11-18T23:59:59.999Z,2024-11-18T16:03:00.000Z,2024-11-18T14:00:00.000Z,2781,89843.71548,92596.78892,89393.59057,90542.644,75535775084,1791255587562,19784143,2024-11-18T23:59:59.999Z,,,
2024-11-17T00:00:00.000Z,2024-11-17T23:59:59.999Z,2024-11-17T09:11:00.000Z,2024-11-17T22:06:00.000Z,2781,90558.46311,91433.0405,88741.66583,89845.85121,46350159305,1777526304284,19783668,2024-11-17T23:59:59.999Z,,,
2024-11-16T00:00:00.000Z,2024-11-16T23:59:59.999Z,2024-11-16T05:26:00.000Z,2024-11-16T15:51:00.000Z,2781,91064.36623,91763.94788,90094.22537,90558.47524,44333192814,1791535825198,19783196,2024-11-16T23:59:59.999Z,,,
2024-11-15T00:00:00.000Z,2024-11-15T23:59:59.999Z,2024-11-15T22:03:00.000Z,2024-11-15T04:52:00.000Z,2781,87284.1831,91868.74444,87124.90086,91066.00696,78243109518,1801436194835,19782721,2024-11-15T23:59:59.999Z,,,
2024-11-14T00:00:00.000Z,2024-11-14T23:59:59.999Z,2024-11-14T14:34:00.000Z,2024-11-14T23:42:00.000Z,2781,90574.88206,91765.22137,86682.81582,87250.43127,87616705248,1727562262252,19782253,2024-11-14T23:59:59.999Z,,,
2024-11-13T00:00:00.000Z,2024-11-13T23:59:59.999Z,2024-11-13T16:16:00.000Z,2024-11-13T06:36:00.000Z,2781,87929.96677,93434.35534,86256.93197,90584.16667,123559027869,1791737553114,19781837,2024-11-13T23:59:59.999Z,,,
2024-11-12T00:00:00.000Z,2024-11-12T23:59:59.999Z,2024-11-12T07:16:00.000Z,2024-11-12T13:51:00.000Z,2781,88705.56449,89956.88236,85155.11151,87955.80982,133673285375,1739381625717,19781443,2024-11-12T23:59:59.999Z,,,
2024-11-11T00:00:00.000Z,2024-11-11T23:59:59.999Z,2024-11-11T23:25:00.000Z,2024-11-11T00:13:00.000Z,2781,80471.41319,89604.49784,80283.24762,88701.48808,117966845037,1754682553470,19780975,2024-11-11T23:59:59.999Z,,,
2024-11-10T00:00:00.000Z,2024-11-10T23:59:59.999Z,2024-11-10T22:23:00.000Z,2024-11-10T00:05:00.000Z,2781,76775.5438,81474.42389,76565.42993,80474.1856,82570594495,1591750610706,19780540,2024-11-10T23:59:59.999Z,,,
2024-11-09T00:00:00.000Z,2024-11-09T23:59:59.999Z,2024-11-09T23:46:00.000Z,2024-11-09T17:18:00.000Z,2781,76556.19113,76932.76399,75773.78852,76778.86775,29009480361,1518690764417,19780062,2024-11-09T23:59:59.999Z,,,
2024-11-08T00:00:00.000Z,2024-11-08T23:59:59.999Z,2024-11-08T19:49:00.000Z,2024-11-08T03:05:00.000Z,2781,75902.83257,77252.74766,75648.7412,76545.47664,55176858003,1514255354916,19779659,2024-11-08T23:59:59.999Z,,,
2024-11-07T00:00:00.000Z,2024-11-07T23:59:59.999Z,2024-11-07T20:23:00.000Z,2024-11-07T06:15:00.000Z,2781,75637.08497,76943.11802,74480.41931,75904.85846,63467654989,1501297989025,19779209,2024-11-07T23:59:59.999Z,,,
2024-11-06T00:00:00.000Z,2024-11-06T23:59:59.999Z,2024-11-06T20:58:00.000Z,2024-11-06T00:04:00.000Z,2781,69358.50199,76460.15337,69322.0319,75639.07795,118592653963,1496003893299,19778709,2024-11-06T23:59:59.999Z,,,
2024-11-05T00:00:00.000Z,2024-11-05T23:59:59.999Z,2024-11-05T16:36:00.000Z,2024-11-05T01:36:00.000Z,2781,67811.17433,70522.78682,67458.86968,69359.56617,46046889204,1371788058011,19778225,2024-11-05T23:59:59.999Z,,,
2024-11-04T00:00:00.000Z,2024-11-04T23:59:59.999Z,2024-11-04T03:02:00.000Z,2024-11-04T21:55:00.000Z,2781,68742.13467,69433.17642,66803.65,67811.50914,41184819348,1341156657449,19777812,2024-11-04T23:59:59.999Z,,,
2024-11-03T00:00:00.000Z,2024-11-03T23:59:59.999Z,2024-11-03T00:03:00.000Z,2024-11-03T15:40:00.000Z,2781,69296.38206,69361.658,67482.52544,68741.11549,34868307655,1359535744745,19777328,2024-11-03T23:59:59.999Z,,,
2024-11-02T00:00:00.000Z,2024-11-02T23:59:59.999Z,2024-11-02T02:30:00.000Z,2024-11-02T14:53:00.000Z,2781,69486.0239,69867.35185,69033.72226,69289.27667,18184612091,1370468034066,19776906,2024-11-02T23:59:59.999Z,,,
2024-11-01T00:00:00.000Z,2024-11-01T23:59:59.999Z,2024-11-01T14:31:00.000Z,2024-11-01T02:12:00.000Z,2781,70216.89697,71559.01657,68779.70034,69482.46985,49989795365,1374187711281,19776462,2024-11-01T23:59:59.999Z,,,
2024-10-31T00:00:00.000Z,2024-10-31T23:59:59.999Z,2024-10-31T10:55:00.000Z,2024-10-31T20:57:00.000Z,2781,72335.04408,72662.3098,69590.50287,70215.18563,40627912076,1388607599014,19775975,2024-10-31T23:59:59.999Z,,,
2024-10-30T00:00:00.000Z,2024-10-30T23:59:59.999Z,2024-10-30T21:05:00.000Z,2024-10-30T13:46:00.000Z,2781,72715.36649,72905.29852,71411.73503,72339.54218,40646637831,1430461157911,19775493,2024-10-30T23:59:59.999Z,,,
2024-10-29T00:00:00.000Z,2024-10-29T23:59:59.999Z,2024-10-29T19:12:00.000Z,2024-10-29T00:11:00.000Z,2781,69910.04537,73577.20966,69729.91783,72720.49357,58541874402,1437942445620,19774946,2024-10-29T23:59:59.999Z,,,
2024-10-28T00:00:00.000Z,2024-10-28T23:59:59.999Z,2024-10-28T22:10:00.000Z,2024-10-28T05:34:00.000Z,2781,67922.67427,70212.26904,67535.13101,69907.75467,38799856657,1382358128595,19774471,2024-10-28T23:59:59.999Z,,,
2024-10-27T00:00:00.000Z,2024-10-27T23:59:59.999Z,2024-10-27T22:30:00.000Z,2024-10-27T01:25:00.000Z,2781,67023.47942,68221.31474,66847.2231,67929.2988,16721307878,1343230761708,19773953,2024-10-27T23:59:59.999Z,,,
2024-10-26T00:00:00.000Z,2024-10-26T23:59:59.999Z,2024-10-26T20:31:00.000Z,2024-10-26T02:13:00.000Z,2781,66628.737,67317.91816,66360.5955,67014.69773,19588098156,1325286022321,19773459,2024-10-26T23:59:59.999Z,,,
2024-10-25T00:00:00.000Z,2024-10-25T23:59:59.999Z,2024-10-25T14:32:00.000Z,2024-10-25T23:25:00.000Z,2781,68165.29737,68722.15949,65521.79345,66642.41073,41469984306,1317385748797,19773000,2024-10-25T23:59:59.999Z,,,
2024-10-24T00:00:00.000Z,2024-10-24T23:59:59.999Z,2024-10-24T21:24:00.000Z,2024-10-24T00:24:00.000Z,2781,66653.70416,68798.96199,66454.09956,68161.05334,31414428647,1347797865139,19772493,2024-10-24T23:59:59.999Z,,,
2024-10-23T00:00:00.000Z,2024-10-23T23:59:59.999Z,2024-10-23T00:01:00.000Z,2024-10-23T18:21:00.000Z,2781,67362.37442,67402.74462,65188.03529,66432.19825,32263980353,1313495275869,19772059,2024-10-23T23:59:59.999Z,,,
2024-10-22T00:00:00.000Z,2024-10-22T23:59:59.999Z,2024-10-22T22:57:00.000Z,2024-10-22T00:34:00.000Z,2781,67360.70273,67801.577,66581.36798,67361.40266,31808472566,1331842439476,19771596,2024-10-22T23:59:59.999Z,,,
2024-10-21T00:00:00.000Z,2024-10-21T23:59:59.999Z,2024-10-21T00:32:00.000Z,2024-10-21T15:13:00.000Z,2781,69002.00015,69462.73678,66829.85347,67367.85256,37498611780,1331798086167,19771143,2024-10-21T23:59:59.999Z,,,
2024-10-20T00:00:00.000Z,2024-10-20T23:59:59.999Z,2024-10-20T22:53:00.000Z,2024-10-20T03:09:00.000Z,2781,68364.17846,69359.00706,68105.72051,69001.70662,18975847518,1364212669154,19770625,2024-10-20T23:59:59.999Z,,,
2024-10-19T00:00:00.000Z,2024-10-19T23:59:59.999Z,2024-10-19T03:18:00.000Z,2024-10-19T17:03:00.000Z,2781,68418.97666,68668.00581,68024.63823,68362.73311,14443497908,1351535266983,19770059,2024-10-19T23:59:59.999Z,,,
2024-10-18T00:00:00.000Z,2024-10-18T23:59:59.999Z,2024-10-18T18:47:00.000Z,2024-10-18T00:57:00.000Z,2781,67419.10873,68969.74692,67177.8182,68418.78905,36857165014,1352611490621,19769537,2024-10-18T23:59:59.999Z,,,
2024-10-17T00:00:00.000Z,2024-10-17T23:59:59.999Z,2024-10-17T00:38:00.000Z,2024-10-17T13:37:00.000Z,2781,67617.07957,67912.20764,66647.39121,67399.83349,32790898511,1332816990035,19769128,2024-10-17T23:59:59.999Z,,,
2024-10-16T00:00:00.000Z,2024-10-16T23:59:59.999Z,2024-10-16T11:48:00.000Z,2024-10-16T01:12:00.000Z,2781,67042.46182,68375.29295,66758.72551,67612.72078,38195189534,1336696892492,19768628,2024-10-16T23:59:59.999Z,,,
2024-10-15T00:00:00.000Z,2024-10-15T23:59:59.999Z,2024-10-15T14:02:00.000Z,2024-10-15T15:09:00.000Z,2781,66050.36873,67881.67959,64809.19695,67041.10717,48863870879,1325307318852,19768178,2024-10-15T23:59:59.999Z,,,
2024-10-14T00:00:00.000Z,2024-10-14T23:59:59.999Z,2024-10-14T23:01:00.000Z,2024-10-14T00:53:00.000Z,2781,62848.39949,66482.49439,62442.154,66046.12807,43706958056,1305664072036,19767703,2024-10-14T23:59:59.999Z,,,
2024-10-13T00:00:00.000Z,2024-10-13T23:59:59.999Z,2024-10-13T00:33:00.000Z,2024-10-13T15:31:00.000Z,2781,63192.94358,63272.65296,62035.63669,62851.37492,18177529690,1242341595991,19767275,2024-10-13T23:59:59.999Z,,,
2024-10-12T00:00:00.000Z,2024-10-12T23:59:59.999Z,2024-10-12T15:15:00.000Z,2024-10-12T00:00:00.000Z,2781,62444.61741,63448.78324,62443.27135,63193.02307,16744110886,1249123856891,19766825,2024-10-12T23:59:59.999Z,,,
2024-10-11T00:00:00.000Z,2024-10-11T23:59:59.999Z,2024-10-11T19:13:00.000Z,2024-10-11T01:37:00.000Z,2781,60275.46083,63400.86988,60046.12583,62445.08861,30327141594,1234303474603,19766371,2024-10-11T23:59:59.999Z,,,
2024-10-10T00:00:00.000Z,2024-10-10T23:59:59.999Z,2024-10-10T12:03:00.000Z,2024-10-10T18:27:00.000Z,2781,60581.92969,61236.72317,58895.20781,60274.49806,30452813570,1191400599851,19765931,2024-10-10T23:59:59.999Z,,,
2024-10-09T00:00:00.000Z,2024-10-09T23:59:59.999Z,2024-10-09T05:58:00.000Z,2024-10-09T20:56:00.000Z,2781,62131.7261,62508.83574,60314.61439,60582.10097,27670982363,1197429647367,19765459,2024-10-09T23:59:59.999Z,,,